age,gender,occupation,sleep_hours,physical_activity_hours,screen_time_hours,work_study_hours,stress_level,social_support,mood_score,energy_level,concentration_difficulty,hopelessness,appetite_change,previous_mh_history,family_history,alcohol_use,risk_level
20,Male,Unemployed,5.2,3.3,3.6,5.1,1,6,6,4,2,5,1,0,0,1,Low
53,Male,Employed,6.1,0.0,4.5,6.8,3,2,5,2,6,2,1,1,0,0,Moderate
48,Male,Student,7.4,2.4,5.8,11.9,7,3,5,6,9,6,1,1,1,1,High
37,Male,Employed,6.0,5.0,3.0,9.8,2,4,1,6,4,4,1,0,0,2,Low
37,Female,Student,6.6,2.1,10.7,5.7,8,3,10,7,8,1,1,1,1,0,Moderate
58,Male,Unemployed,7.7,2.4,7.5,7.3,1,5,9,8,10,6,1,1,0,0,Low
20,Female,Employed,6.4,3.4,11.4,7.4,7,9,7,8,5,1,0,0,0,0,Low
50,Male,Student,7.4,2.7,5.5,6.7,1,8,3,10,2,6,0,0,0,0,Low
25,Female,Student,9.5,0.4,4.4,3.7,8,10,10,5,3,3,1,0,0,1,Low
20,Male,Unemployed,6.7,2.9,11.3,6.3,8,9,2,2,2,9,1,0,0,1,High
41,Female,Student,8.9,5.5,4.3,11.5,8,4,3,2,4,10,0,0,0,1,High
63,Female,Self-Employed,7.9,0.4,5.5,7.0,3,1,1,3,7,10,0,0,0,0,High
52,Male,Unemployed,4.7,2.1,8.2,7.7,3,2,3,7,3,10,1,1,0,1,High
53,Female,Employed,5.2,0.0,2.3,8.4,10,8,4,1,6,2,1,0,1,0,High
51,Male,Student,5.7,5.4,8.1,13.5,8,4,8,10,10,6,0,0,0,0,Moderate
54,Male,Employed,5.6,2.8,7.8,8.0,2,8,4,10,3,3,1,0,0,0,Low
41,Female,Self-Employed,6.9,0.9,9.8,10.7,1,5,10,2,9,1,0,0,0,2,Low
22,Female,Student,8.0,3.2,8.7,6.5,4,9,4,8,4,4,0,1,0,1,Low
57,Male,Employed,9.0,0.0,9.9,7.4,7,6,6,6,7,5,1,0,0,1,Moderate
38,Male,Student,7.5,0.4,5.7,8.0,4,10,6,5,2,3,0,1,1,1,Low
40,Female,Employed,6.3,0.0,3.4,6.1,9,3,9,8,3,2,1,0,0,0,Low
34,Female,Employed,3.7,0.3,12.3,7.5,6,8,8,6,9,5,0,0,0,0,Moderate
24,Other,Employed,7.1,6.4,1.4,10.2,10,6,9,4,6,2,1,0,1,1,Moderate
61,Female,Employed,7.0,1.2,1.7,6.0,9,2,10,6,6,1,0,0,1,2,Moderate
54,Female,Employed,7.3,4.2,7.7,8.0,5,3,2,2,6,5,1,0,1,1,High
47,Male,Student,10.4,0.9,10.9,9.8,9,4,1,3,3,1,1,0,0,0,High
35,Female,Student,9.0,4.9,6.6,5.9,5,2,5,10,10,10,0,0,0,2,High
56,Male,Self-Employed,8.3,0.4,9.0,10.7,1,10,2,2,4,9,1,0,0,0,Moderate
42,Female,Employed,5.5,3.1,0.0,8.2,4,3,5,6,1,10,0,0,0,0,Moderate
37,Male,Employed,6.2,3.1,4.5,7.6,5,6,6,3,10,2,0,0,0,0,Low
38,Female,Unemployed,6.8,8.8,0.4,3.0,10,6,3,5,1,5,1,0,1,0,Low
27,Female,Student,5.8,4.6,8.3,7.1,9,6,1,3,9,9,1,0,0,1,High
20,Female,Student,7.8,1.5,1.4,8.9,2,7,10,6,3,6,1,1,1,1,Low
43,Female,Student,7.6,4.7,2.2,12.4,1,10,4,6,1,4,1,1,1,0,Low
59,Male,Retired,5.3,8.3,7.5,9.4,6,10,9,7,3,9,0,0,0,0,Low
19,Female,Employed,8.9,0.0,9.2,10.8,6,9,7,4,7,4,0,0,0,1,Moderate
58,Male,Employed,7.2,0.9,5.5,5.0,8,5,7,6,6,10,0,0,1,0,High
56,Male,Student,4.2,2.4,7.7,7.7,3,8,8,8,2,2,0,0,0,0,Low
29,Male,Student,6.9,2.0,7.6,11.1,9,2,3,8,4,8,1,1,1,0,High
46,Male,Employed,7.4,2.2,5.4,5.8,5,9,3,6,3,1,0,1,0,2,Low
24,Male,Employed,8.6,0.0,2.7,10.4,4,2,10,3,7,10,1,0,0,2,High
53,Female,Self-Employed,6.5,6.5,7.7,9.8,5,2,7,6,9,4,0,0,0,0,Moderate
50,Female,Unemployed,8.3,0.0,7.8,8.7,10,9,3,6,3,1,0,0,0,1,Moderate
33,Female,Employed,7.3,2.5,8.7,7.2,4,8,7,10,9,9,1,0,1,2,Moderate
19,Male,Employed,4.9,5.6,6.9,5.5,6,2,4,4,5,10,0,0,0,0,High
63,Male,Retired,4.7,2.9,2.5,12.4,9,10,9,4,1,10,1,0,0,2,Moderate
37,Male,Employed,8.8,0.6,8.1,9.6,1,2,6,8,4,5,1,0,0,1,Low
59,Female,Employed,8.9,0.0,6.0,8.9,6,1,4,7,9,1,1,0,1,1,Moderate
49,Female,Self-Employed,7.5,2.4,4.6,7.0,8,10,7,5,9,3,1,0,0,1,Low
54,Male,Student,9.4,1.1,5.1,8.1,10,3,8,1,8,1,1,0,1,0,High
53,Female,Self-Employed,8.7,3.5,3.9,8.4,1,3,4,8,4,1,0,0,0,1,Low
25,Male,Student,8.1,0.0,8.7,9.0,8,8,8,8,8,2,1,0,1,1,Moderate
33,Male,Employed,5.5,5.0,1.7,9.8,9,7,3,10,8,6,0,0,1,0,Moderate
38,Male,Unemployed,9.8,3.3,3.0,6.0,4,6,3,6,8,8,0,0,1,1,High
40,Male,Employed,7.9,3.5,5.0,4.3,8,10,9,6,6,6,1,1,0,2,Moderate
18,Female,Employed,6.4,6.6,10.8,8.2,5,1,7,3,6,3,1,0,1,2,Moderate
42,Female,Employed,5.9,1.9,9.2,3.6,7,10,1,5,10,7,1,0,0,1,High
23,Male,Student,7.4,1.2,1.1,7.2,4,3,7,1,10,3,1,0,1,0,Moderate
52,Female,Student,4.3,1.6,10.1,6.7,2,7,4,6,6,5,1,0,1,0,Moderate
49,Female,Student,8.1,2.5,10.0,9.2,9,4,3,8,3,9,1,0,0,0,High
61,Female,Employed,5.5,2.8,2.5,13.0,3,3,5,8,5,2,0,1,1,1,Low
52,Female,Employed,7.6,0.9,0.0,3.1,2,4,5,7,6,9,0,1,1,1,Moderate
33,Male,Student,6.2,0.0,5.8,13.7,9,6,9,9,7,3,0,0,1,2,Moderate
63,Female,Self-Employed,6.6,1.6,9.4,7.4,10,9,5,7,4,7,1,0,0,0,Moderate
36,Male,Employed,5.8,3.9,10.8,8.9,7,2,3,8,1,3,0,1,1,2,Moderate
31,Other,Employed,6.7,3.3,3.4,4.5,6,7,8,5,9,2,0,0,0,2,Low
60,Male,Employed,10.0,6.0,11.3,10.5,4,9,6,7,10,5,0,0,1,1,Moderate
34,Female,Student,9.2,7.9,0.0,8.1,7,8,1,7,1,4,1,1,0,2,Low
19,Male,Employed,7.6,4.9,4.9,7.8,7,10,7,6,4,6,0,0,0,0,Low
39,Male,Employed,7.0,6.5,4.7,3.2,6,1,6,6,5,3,0,0,0,0,Low
54,Female,Student,8.4,4.9,9.5,8.2,7,4,6,8,8,10,0,0,1,0,High
25,Female,Retired,8.8,7.3,9.9,10.1,6,5,2,3,8,7,0,0,0,0,High
38,Male,Unemployed,5.7,7.6,8.9,7.4,9,6,5,4,4,9,0,1,1,0,High
22,Female,Employed,6.9,5.4,1.9,10.9,7,4,7,6,4,8,1,0,1,1,Moderate
49,Female,Self-Employed,4.1,4.8,8.6,10.8,4,3,7,7,5,8,0,0,0,0,Moderate
39,Male,Self-Employed,8.8,2.5,7.5,6.4,7,9,7,6,3,2,0,0,1,0,Low
32,Female,Employed,10.3,2.9,1.0,12.0,3,3,10,2,5,6,1,0,0,0,Low
27,Female,Employed,7.1,2.2,0.0,8.1,3,10,6,9,3,9,1,0,0,1,Low
43,Female,Employed,3.6,4.6,9.1,8.1,9,1,5,6,1,1,0,0,0,2,High
48,Male,Student,8.0,1.2,5.5,8.2,6,5,6,5,8,5,0,0,0,0,Moderate
62,Male,Student,5.6,2.5,2.1,8.2,1,7,4,9,8,2,1,0,0,1,Low
37,Female,Student,5.9,0.0,5.4,1.4,4,10,4,5,3,8,1,1,0,2,Moderate
23,Female,Employed,8.0,7.3,7.1,7.5,10,8,7,2,5,10,0,0,0,1,High
56,Female,Unemployed,7.4,2.4,5.8,4.6,7,1,4,10,5,1,1,1,0,1,Moderate
46,Other,Unemployed,6.2,4.1,1.3,12.1,9,8,8,4,1,9,0,0,1,1,Moderate
50,Female,Employed,6.0,6.6,11.7,12.0,6,4,8,9,6,4,0,0,0,2,Low
20,Female,Student,7.2,3.8,9.0,10.1,1,9,10,6,5,10,0,1,1,0,Low
31,Female,Employed,6.3,6.6,5.0,7.4,2,8,2,3,10,1,1,1,1,1,Moderate
53,Female,Employed,5.2,0.0,5.1,5.5,1,2,4,4,4,2,0,0,1,0,Low
56,Male,Self-Employed,6.5,9.0,7.1,6.4,8,4,8,10,8,8,0,0,0,0,Moderate
37,Male,Self-Employed,7.5,5.7,2.6,12.9,8,9,5,10,4,8,0,1,0,1,Low
55,Female,Self-Employed,6.7,3.5,7.0,6.3,5,10,7,2,2,1,0,0,1,1,Low
57,Male,Self-Employed,4.7,6.6,2.0,2.1,8,7,8,10,4,2,0,0,1,2,Low
34,Male,Retired,8.6,0.1,5.8,10.6,6,3,9,9,9,4,0,0,1,2,Moderate
60,Female,Employed,2.6,2.3,2.5,11.8,8,4,3,7,3,1,1,1,0,1,Moderate
30,Male,Student,6.3,6.6,2.6,12.1,7,8,3,2,9,8,0,0,0,1,High
27,Male,Student,6.0,0.0,10.9,10.6,5,6,5,6,7,7,0,0,0,2,Moderate
49,Female,Employed,7.2,4.4,6.2,11.0,7,3,6,5,8,8,1,1,0,0,High
47,Female,Student,7.9,4.3,6.6,8.1,4,3,10,2,8,5,0,0,1,0,Moderate
22,Male,Student,8.8,7.9,0.0,2.8,8,2,1,10,6,7,0,1,0,0,Moderate
56,Male,Retired,5.9,0.0,4.2,8.1,10,5,3,7,7,6,1,0,0,1,High
25,Male,Student,7.9,7.0,7.4,9.6,3,5,10,1,1,7,1,0,0,1,Low
55,Female,Retired,7.3,1.6,6.6,7.7,7,6,7,4,7,5,0,0,0,1,Moderate
16,Female,Unemployed,4.3,1.9,0.0,7.5,2,10,7,9,8,7,0,0,0,0,Low
55,Male,Employed,10.0,0.0,6.6,5.6,4,7,3,5,2,7,0,0,0,1,Moderate
54,Female,Employed,4.7,0.3,7.1,5.5,7,6,7,5,6,7,0,1,0,1,High
54,Male,Employed,7.7,4.0,9.9,12.6,3,4,4,2,6,9,1,0,0,2,High
48,Male,Employed,7.6,0.2,4.0,12.7,3,7,8,2,4,4,1,0,1,0,Low
39,Other,Student,7.4,4.9,0.0,8.0,4,10,1,10,1,9,0,0,0,1,Low
50,Male,Self-Employed,6.2,1.3,3.0,8.7,2,1,3,10,1,1,0,0,0,1,Low
29,Male,Employed,8.3,0.0,2.7,5.5,7,4,7,1,3,5,0,0,1,1,Moderate
54,Male,Student,4.5,1.7,8.2,9.6,2,1,7,6,3,5,0,0,0,0,Low
43,Female,Employed,6.9,3.8,0.0,12.4,4,3,9,7,3,9,0,0,0,0,Low
38,Female,Employed,6.1,2.3,4.7,4.2,4,1,9,9,7,1,0,0,0,0,Low
40,Other,Employed,5.9,3.1,10.3,9.2,10,6,1,6,5,3,1,0,1,1,High
43,Male,Employed,7.7,4.7,6.0,9.3,10,9,1,9,2,5,1,0,0,1,Moderate
17,Male,Student,8.7,5.7,8.7,9.3,1,10,4,2,1,9,1,0,1,1,Low
22,Female,Employed,6.5,2.2,1.1,12.1,2,3,10,1,7,5,1,0,0,1,Moderate
28,Male,Student,8.2,0.4,1.2,13.1,8,7,5,5,10,7,1,1,0,0,High
21,Female,Student,7.1,3.2,10.3,7.4,3,4,9,3,9,2,1,0,0,0,Low
37,Female,Student,5.6,4.2,6.3,9.7,7,4,1,8,8,10,0,0,1,1,High
48,Male,Employed,6.6,0.0,6.3,8.2,10,7,10,4,4,8,0,1,0,1,High
48,Female,Employed,6.5,0.8,2.6,6.4,2,7,1,5,8,1,0,0,0,1,Low
39,Male,Employed,5.9,1.2,6.3,8.7,10,6,9,6,1,8,1,1,1,1,High
57,Male,Student,7.7,2.5,2.6,9.7,1,1,9,10,2,2,1,0,0,2,Low
43,Female,Student,7.4,1.1,9.6,8.5,3,5,3,1,2,6,0,1,0,2,Moderate
19,Female,Employed,4.5,4.8,14.2,5.8,6,3,4,6,2,8,1,1,1,1,High
53,Female,Student,4.4,0.0,7.5,6.8,9,1,6,4,4,10,1,1,0,0,High
44,Female,Employed,7.7,0.0,4.1,6.9,6,1,8,1,1,1,1,0,0,0,Moderate
47,Other,Self-Employed,5.7,2.2,0.0,5.9,2,5,2,9,9,3,0,1,1,1,Moderate
43,Other,Employed,7.5,2.6,0.9,8.8,3,2,3,10,8,7,0,0,0,0,Moderate
43,Female,Self-Employed,8.2,0.0,10.7,9.0,8,8,8,2,7,3,0,0,0,0,Moderate
20,Male,Student,5.0,1.5,2.9,10.4,6,1,9,8,2,8,0,0,0,0,Low
43,Female,Student,4.7,2.0,4.9,5.9,1,3,2,8,9,2,1,0,0,2,Low
54,Other,Employed,9.7,2.0,8.0,6.6,6,10,9,8,1,2,0,1,0,0,Low
30,Male,Unemployed,7.6,3.4,10.4,11.9,5,8,9,5,10,6,0,1,0,1,Moderate
45,Male,Unemployed,6.3,1.3,5.4,7.6,1,6,9,4,8,7,0,0,0,2,Moderate
17,Male,Student,5.5,6.7,4.8,8.1,3,1,3,1,3,3,1,0,0,1,Low
33,Male,Unemployed,6.2,4.2,6.2,7.6,10,1,7,1,2,9,0,0,0,0,High
37,Female,Employed,5.1,1.0,4.1,10.8,8,10,2,2,7,9,1,0,0,1,High
64,Male,Employed,8.4,3.2,4.3,10.9,1,8,2,6,9,1,0,1,0,1,Low
26,Female,Student,5.8,3.3,7.2,10.8,1,10,1,2,5,4,1,0,1,0,Moderate
29,Female,Retired,8.7,6.0,6.6,8.1,4,9,5,7,1,6,0,1,0,1,Low
36,Female,Student,6.4,1.5,12.4,5.8,5,1,8,7,5,5,0,0,0,0,Moderate
64,Male,Unemployed,5.3,4.9,7.3,12.8,5,9,2,4,5,3,1,0,1,1,Low
57,Male,Employed,6.3,3.1,9.5,10.1,7,5,2,1,4,6,1,0,0,2,High
17,Female,Employed,2.8,6.7,2.8,6.9,2,7,3,6,10,10,1,0,1,1,High
27,Female,Employed,6.8,6.2,7.6,11.6,1,5,2,9,4,4,1,1,0,2,Low
56,Female,Self-Employed,6.7,3.5,3.8,6.7,7,8,9,4,3,3,0,1,0,0,Low
18,Female,Student,8.3,2.3,7.2,11.5,9,9,2,9,7,8,1,1,0,2,High
57,Male,Student,4.0,4.3,8.1,11.7,2,10,3,3,7,6,0,1,0,1,Moderate
29,Female,Employed,8.9,2.5,6.1,5.7,4,6,4,1,7,7,1,0,1,0,Moderate
60,Male,Employed,8.3,7.2,13.2,9.5,7,3,3,7,6,7,1,0,0,2,High
30,Male,Student,9.0,3.2,10.3,10.0,2,7,10,9,4,8,1,1,1,2,Low
37,Female,Student,6.9,2.0,9.5,14.5,9,5,3,9,3,8,1,0,1,0,Moderate
48,Male,Employed,8.6,1.9,8.3,6.1,3,3,5,10,2,7,1,1,1,1,Moderate
22,Male,Student,4.6,0.0,11.3,11.6,6,8,6,2,2,5,0,0,0,0,Moderate
43,Male,Student,8.1,4.4,1.7,8.0,4,1,3,1,6,5,0,1,1,0,High
40,Male,Self-Employed,5.8,0.9,10.1,4.9,7,5,5,6,5,3,1,0,1,0,Moderate
54,Female,Employed,4.4,5.7,3.0,7.7,2,7,2,10,8,5,1,1,0,1,Moderate
64,Male,Retired,5.2,0.0,4.3,8.0,1,10,5,10,9,7,0,0,1,0,Low
48,Female,Retired,7.0,3.3,7.7,5.4,6,7,1,3,6,8,1,0,0,0,High
36,Female,Student,5.7,5.9,9.7,8.8,9,10,5,4,2,8,0,1,1,2,Moderate
35,Male,Employed,7.6,0.0,2.5,10.4,7,9,4,7,1,4,1,0,0,1,Low
36,Male,Employed,4.1,8.0,4.5,8.6,8,3,4,10,3,8,1,0,0,1,High
55,Female,Employed,3.6,1.9,6.3,6.6,5,9,2,2,3,5,0,0,0,0,Moderate
31,Female,Student,9.2,3.4,5.4,7.6,2,4,10,10,1,4,0,0,0,0,Low
24,Female,Student,8.4,4.4,8.6,8.0,5,7,1,9,8,2,1,0,0,1,Low
32,Female,Student,5.3,4.8,16.0,8.5,10,3,2,1,4,3,0,0,0,0,High
17,Male,Employed,7.0,3.7,7.3,10.8,8,6,2,9,8,7,1,0,1,1,High
21,Male,Retired,8.6,5.5,3.8,8.7,8,7,10,7,3,3,0,0,0,2,Low
20,Female,Employed,7.7,4.3,2.1,4.5,4,10,4,10,1,1,0,1,0,0,Low
53,Male,Employed,7.2,7.4,5.0,6.6,6,10,5,3,2,3,0,0,0,1,Low
51,Female,Retired,8.8,4.3,3.2,8.4,7,9,8,10,5,10,1,0,0,1,Low
50,Female,Employed,5.8,7.9,7.4,10.8,7,6,1,1,5,2,1,0,0,0,Moderate
38,Female,Student,7.0,5.3,7.4,11.2,9,9,1,1,5,2,1,0,0,1,Moderate
51,Male,Self-Employed,7.0,0.0,4.6,12.4,7,2,2,5,10,5,1,1,1,1,High
23,Male,Employed,6.6,9.5,12.0,8.3,3,10,7,7,7,4,1,0,1,0,Low
60,Male,Student,6.4,1.6,3.8,9.9,3,3,10,2,8,10,0,0,1,0,Moderate
40,Male,Employed,7.1,6.7,5.6,4.4,7,5,7,3,2,3,0,0,1,1,Low
61,Female,Self-Employed,7.1,3.1,7.9,9.1,9,10,9,4,5,5,1,1,1,1,Moderate
23,Male,Student,5.3,5.7,8.7,5.3,10,8,9,2,7,3,0,0,1,2,Moderate
40,Male,Employed,8.3,1.3,9.8,7.8,7,9,3,2,6,3,1,0,0,1,Moderate
50,Male,Student,5.4,4.6,7.3,15.6,6,7,2,2,10,4,1,0,1,0,High
40,Male,Student,6.7,2.4,9.2,8.8,9,7,2,10,5,3,1,1,0,2,High
37,Female,Student,6.5,6.9,4.0,5.8,10,2,8,10,4,8,1,0,0,1,Moderate
24,Male,Employed,7.6,4.1,8.8,9.0,1,10,7,7,10,8,1,0,0,0,Low
34,Other,Self-Employed,3.6,5.3,8.7,6.7,4,7,9,7,4,2,1,1,0,0,Low
27,Male,Student,8.4,0.0,10.5,5.6,4,7,6,2,6,5,1,0,0,0,Moderate
30,Female,Student,5.9,2.8,1.0,13.3,6,5,10,1,1,3,0,0,0,0,Low
49,Male,Student,9.0,4.0,3.3,10.7,3,10,9,4,2,9,0,0,0,1,Low
46,Male,Student,6.2,3.6,8.5,8.9,4,5,9,10,1,2,0,1,1,0,Low
45,Female,Employed,6.9,5.4,0.0,7.0,1,2,9,5,5,5,1,0,0,2,Low
33,Other,Employed,10.1,2.1,7.5,7.2,1,2,2,9,10,4,1,0,0,1,Moderate
63,Female,Employed,6.6,3.1,9.2,11.9,5,7,8,4,1,4,1,1,1,0,Low
20,Male,Employed,9.0,6.0,4.3,8.8,10,8,10,4,10,10,0,0,0,2,High
32,Male,Employed,7.1,0.0,4.7,0.3,3,3,3,9,9,6,1,0,1,1,Moderate
21,Female,Student,7.7,4.5,2.8,14.1,3,7,9,5,1,4,0,0,0,0,Low
32,Male,Student,7.1,2.2,4.4,8.5,3,10,4,8,1,9,1,0,0,0,Low
63,Female,Self-Employed,8.4,0.7,4.5,8.9,10,6,3,8,10,8,0,0,1,1,High
33,Female,Unemployed,5.9,3.8,4.0,10.7,7,10,8,8,6,2,1,0,0,1,Low
60,Female,Self-Employed,5.4,6.1,3.8,9.2,7,2,2,7,2,5,1,1,0,1,Moderate
40,Female,Self-Employed,6.0,5.6,5.2,9.9,2,5,5,9,10,5,0,0,0,1,Low
50,Female,Employed,7.2,2.7,5.2,6.9,10,6,10,5,6,5,0,1,0,1,Moderate
38,Male,Self-Employed,6.6,5.2,11.6,4.9,2,4,2,4,7,4,0,0,1,2,Moderate
29,Male,Employed,8.1,5.2,4.8,8.7,10,2,2,6,7,9,0,0,0,1,High
53,Female,Student,9.1,2.8,7.0,11.6,10,5,10,4,3,10,0,1,0,1,High
63,Female,Student,5.4,1.3,4.3,6.4,6,4,8,1,4,1,0,0,1,0,Low
28,Male,Student,5.8,1.4,4.2,6.2,9,3,5,4,2,9,0,0,0,1,High
54,Male,Student,4.7,5.1,0.9,11.1,10,4,5,6,6,9,0,0,0,0,High
28,Female,Employed,10.2,2.9,1.3,6.9,6,5,10,6,10,4,1,0,0,1,Moderate
51,Female,Employed,7.5,0.4,2.4,7.0,8,9,8,4,7,5,0,0,0,0,Moderate
54,Female,Unemployed,7.8,0.0,6.6,7.1,6,5,10,8,7,2,0,0,0,1,Low
38,Male,Employed,4.9,5.1,9.2,7.8,6,5,1,3,2,4,1,1,0,0,High
52,Male,Student,7.0,1.6,0.6,4.1,4,4,6,7,6,3,0,0,0,1,Low
29,Female,Employed,7.8,3.8,4.4,6.7,7,6,8,3,10,10,1,0,0,0,High
19,Male,Employed,6.6,6.1,1.9,8.6,3,3,1,10,1,2,1,0,1,2,Low
20,Female,Student,8.7,0.0,5.2,8.6,2,9,6,7,3,4,1,0,0,0,Low
37,Female,Student,10.7,2.9,9.2,10.9,3,5,1,6,8,5,0,0,1,1,High
60,Male,Employed,5.5,2.6,4.7,12.6,1,5,10,5,1,10,0,0,0,1,Low
22,Male,Student,5.4,3.9,5.9,11.8,10,1,7,8,3,9,1,0,0,0,High
38,Male,Unemployed,5.6,6.1,10.4,10.3,3,9,2,5,10,10,1,0,1,1,High
50,Female,Unemployed,9.6,0.0,7.4,7.6,8,5,6,9,1,4,0,1,0,2,Moderate
25,Female,Employed,8.7,4.4,3.7,6.4,5,2,2,2,5,3,1,0,0,1,Moderate
51,Male,Student,6.8,5.6,6.5,8.0,4,2,9,9,4,6,1,0,1,2,Low
30,Female,Unemployed,7.1,2.5,3.5,9.5,3,4,2,10,4,4,1,1,1,0,Low
55,Male,Employed,5.7,2.7,7.3,10.1,9,8,7,3,3,1,0,1,0,2,Moderate
44,Male,Student,8.4,4.0,7.5,9.6,6,1,1,3,3,9,0,1,1,2,High
42,Female,Employed,6.4,3.9,1.9,7.7,5,2,2,10,8,1,0,0,0,1,Low
24,Male,Employed,6.6,4.5,6.5,10.0,7,6,10,5,1,2,0,1,1,1,Low
38,Male,Employed,8.0,4.4,5.6,11.2,9,5,4,7,2,10,1,0,0,1,High
57,Female,Student,6.7,0.5,7.6,10.2,7,10,2,2,3,8,0,0,0,1,Moderate
16,Male,Employed,6.6,5.5,8.5,7.9,5,8,7,5,9,7,0,1,0,1,Moderate
53,Female,Student,7.0,5.9,7.4,5.9,9,7,3,8,4,2,0,0,0,0,Low
40,Male,Student,8.3,3.5,5.1,5.9,9,4,6,9,1,3,1,1,1,1,Low
51,Male,Student,9.6,0.0,8.8,6.3,10,7,9,5,6,3,1,1,0,0,Moderate
48,Male,Retired,7.9,2.7,3.4,8.6,1,6,7,1,7,7,1,0,0,1,Low
37,Male,Student,8.3,3.5,2.0,9.3,9,3,3,5,5,6,1,0,0,1,High
31,Male,Employed,6.7,0.1,0.0,4.5,2,4,3,7,1,4,1,1,0,0,Low
46,Male,Employed,5.9,2.1,5.8,6.7,7,10,3,9,9,8,0,0,1,0,Moderate
22,Female,Self-Employed,8.0,0.0,3.5,8.6,7,6,7,9,9,8,0,0,0,0,Moderate
44,Male,Employed,7.3,4.5,7.2,5.8,3,5,7,8,10,8,1,0,0,1,Moderate
20,Male,Self-Employed,4.7,3.4,0.1,9.1,1,8,6,2,10,2,1,1,0,0,Low
47,Male,Student,6.5,0.0,4.1,7.2,10,3,4,6,4,7,0,1,0,0,High
46,Male,Student,6.9,3.9,7.4,6.2,9,3,1,6,5,3,1,0,0,0,Moderate
20,Male,Employed,6.2,2.9,2.9,8.1,2,10,9,5,10,3,0,0,1,0,Low
53,Female,Employed,9.4,4.3,7.2,9.0,7,9,7,10,5,10,1,1,0,0,Moderate
36,Male,Unemployed,7.8,2.0,4.3,5.9,2,5,7,10,9,5,1,0,1,0,Low
54,Female,Self-Employed,9.2,1.0,5.9,7.4,6,10,2,3,7,8,0,0,0,1,High
18,Female,Employed,7.4,1.1,7.8,9.2,4,4,3,10,10,3,1,0,0,1,Moderate
24,Male,Retired,7.1,1.7,8.9,6.1,8,7,4,9,1,10,1,1,0,2,High
40,Male,Employed,5.5,3.0,6.3,3.9,6,1,6,8,8,3,1,0,0,0,Moderate
25,Male,Student,7.0,3.4,3.6,4.2,5,7,8,4,9,2,1,0,0,0,Low
32,Female,Employed,7.0,2.5,4.6,7.0,7,2,9,8,2,4,0,0,0,0,Low
48,Male,Student,4.8,1.9,7.9,4.7,5,3,6,6,8,2,0,0,0,1,Moderate
23,Female,Unemployed,6.1,2.1,2.9,7.1,1,9,4,9,2,6,0,0,0,0,Low
49,Female,Student,6.5,9.3,5.5,12.2,6,3,5,8,10,2,0,0,0,0,Low
21,Female,Employed,7.7,1.1,4.8,4.6,8,5,8,10,10,3,0,0,1,1,Moderate
24,Female,Employed,7.7,1.6,5.7,7.3,5,10,4,5,1,8,0,1,0,0,Moderate
44,Other,Student,6.1,11.2,3.0,13.3,2,10,5,1,6,1,0,0,0,1,Low
54,Male,Student,7.8,4.1,0.4,9.0,1,5,8,5,4,5,1,1,0,1,Low
24,Male,Employed,6.7,0.0,7.6,7.1,3,1,6,10,9,7,0,0,0,1,Moderate
30,Male,Student,2.4,5.1,8.9,7.6,8,3,5,7,4,5,0,0,0,0,Moderate
61,Female,Employed,6.2,0.7,0.6,9.1,4,7,8,8,8,1,1,1,0,0,Low
64,Female,Employed,8.7,5.3,7.1,12.2,10,4,3,7,2,2,1,0,0,1,Moderate
44,Female,Student,4.3,2.5,9.2,6.7,4,8,1,6,3,10,1,0,0,0,Moderate
37,Male,Student,7.2,1.9,7.8,6.1,5,10,8,1,10,8,0,0,0,0,Moderate
32,Other,Unemployed,9.5,7.0,4.7,4.6,8,7,5,5,4,4,1,0,0,1,Moderate
46,Female,Retired,5.8,4.4,3.2,8.3,7,7,4,1,8,9,0,0,1,0,High
44,Female,Student,7.0,5.4,6.2,4.5,1,6,1,4,10,1,1,1,0,0,Moderate
30,Other,Retired,4.9,4.1,6.7,6.8,1,2,10,8,10,1,1,1,0,1,Low
17,Male,Employed,9.6,1.9,6.3,5.7,2,6,8,9,1,9,0,0,0,1,Low
23,Male,Employed,6.9,4.5,5.5,10.7,9,10,3,3,3,7,1,1,1,0,Moderate
62,Female,Employed,7.1,6.0,2.8,6.7,1,7,7,7,8,6,1,0,0,1,Low
36,Male,Employed,9.2,3.3,7.3,9.0,1,8,5,3,10,4,0,0,1,2,Moderate
39,Male,Unemployed,8.1,7.5,7.4,4.0,8,9,4,3,10,9,0,0,0,0,Moderate
38,Male,Employed,5.6,5.1,6.6,8.3,7,4,4,10,8,7,1,1,1,1,High
54,Male,Employed,6.0,3.5,6.3,5.0,10,4,1,7,2,5,0,0,0,0,Moderate
19,Female,Employed,7.8,3.6,11.0,6.9,3,10,10,2,8,4,0,1,1,2,Low
20,Female,Student,6.0,3.3,4.1,13.5,7,5,10,2,3,4,0,0,0,0,Low
29,Male,Employed,3.6,0.0,9.8,10.3,2,8,9,1,9,6,1,0,1,0,Moderate
39,Male,Student,6.9,2.8,3.8,7.7,6,7,4,5,6,7,0,1,0,2,Moderate
48,Male,Student,4.6,3.6,9.3,16.0,2,2,10,2,2,9,1,1,1,1,Moderate
40,Female,Student,9.6,2.0,9.7,5.7,10,4,3,6,9,5,1,1,1,0,High
37,Female,Student,7.3,3.8,5.1,10.9,5,4,9,5,10,3,0,0,0,1,Moderate
61,Female,Employed,5.6,3.1,11.0,4.2,3,2,2,7,6,6,0,0,0,2,Moderate
23,Male,Employed,5.9,4.9,7.4,7.4,10,8,4,3,9,6,1,0,0,1,High
44,Male,Employed,4.0,4.7,3.4,4.6,1,10,6,2,1,3,0,1,1,0,Low
42,Male,Student,5.2,3.4,4.9,8.6,8,10,10,2,3,1,0,0,1,0,Low
39,Female,Employed,8.6,0.0,9.4,8.1,6,2,3,1,2,4,0,0,0,2,High
55,Male,Employed,10.6,7.5,8.8,7.2,7,5,5,1,3,1,1,0,0,0,Low
29,Female,Employed,8.2,2.6,2.8,10.7,3,3,9,3,4,1,1,0,0,0,Low
62,Female,Employed,6.9,2.8,5.6,6.6,9,1,5,9,5,10,0,0,0,0,High
32,Male,Employed,6.3,2.1,6.6,8.8,5,7,7,7,4,8,0,1,0,0,Moderate
42,Male,Employed,5.5,1.8,4.5,10.1,5,9,5,3,6,1,0,0,1,1,Low
41,Male,Retired,10.3,6.9,13.1,4.3,5,1,1,10,3,4,1,0,0,0,Moderate
57,Male,Unemployed,6.7,6.5,6.7,6.1,3,7,3,8,4,3,0,1,1,0,Low
37,Male,Employed,10.4,4.1,5.8,8.1,4,1,6,8,9,10,1,0,1,0,High
29,Female,Employed,9.2,2.7,9.6,9.6,2,9,1,9,6,5,1,0,0,0,Low
17,Male,Student,4.2,4.5,4.9,11.6,5,1,3,8,1,3,0,0,0,0,Moderate
33,Male,Self-Employed,5.9,3.2,9.0,7.5,5,5,10,10,4,7,1,0,0,0,Low
56,Female,Employed,5.9,2.5,1.0,7.2,4,2,1,4,9,5,1,0,0,1,High
16,Female,Student,6.9,3.8,4.6,5.8,10,5,3,9,2,2,1,0,1,0,Low
59,Male,Retired,6.9,1.9,9.1,8.8,2,5,7,2,10,4,0,0,0,0,Moderate
42,Female,Employed,11.8,3.6,10.7,7.3,10,6,6,4,3,2,1,1,0,1,Moderate
22,Female,Student,5.3,3.5,3.7,7.3,9,9,3,9,7,7,0,0,1,1,High
30,Female,Student,7.4,4.5,3.3,7.8,1,10,1,2,5,10,1,0,0,1,Moderate
43,Female,Student,8.0,1.5,7.7,9.4,8,4,9,6,7,9,0,1,0,2,High
31,Male,Employed,7.0,4.8,4.1,6.6,3,10,6,4,8,4,0,1,1,0,Low
21,Female,Student,7.2,0.7,5.2,6.1,1,5,6,2,2,5,1,0,0,0,Low
48,Male,Self-Employed,5.3,1.6,8.6,9.1,9,2,1,3,4,1,0,0,0,0,High
48,Female,Self-Employed,7.2,1.7,4.4,0.4,2,7,3,6,6,4,0,0,0,0,Low
21,Female,Employed,7.8,0.3,0.1,6.5,3,8,1,7,3,1,1,0,0,2,Low
29,Male,Employed,7.5,5.5,2.1,5.1,1,4,10,7,4,8,0,0,0,1,Low
27,Male,Student,7.9,0.6,6.0,11.0,2,6,8,2,9,10,1,0,0,1,High
48,Female,Student,9.3,1.3,0.4,6.9,1,5,6,4,3,2,1,0,0,2,Low
51,Female,Employed,8.5,6.1,5.1,6.6,9,2,7,2,2,7,0,0,0,1,Moderate
51,Male,Student,7.1,1.6,1.8,7.9,1,4,2,1,6,6,1,0,0,0,Moderate
61,Female,Student,5.1,2.5,10.9,6.5,8,5,10,4,1,5,1,1,0,2,Moderate
53,Female,Employed,6.0,0.5,12.5,7.0,2,4,6,7,1,8,1,0,1,0,Low
31,Female,Student,6.6,5.1,2.8,8.2,10,10,6,4,9,7,0,0,1,0,High
21,Male,Employed,7.4,5.1,6.8,6.9,9,4,10,1,3,3,1,0,1,1,Moderate
46,Male,Employed,6.2,4.8,3.1,6.9,7,7,1,3,2,8,1,0,0,2,High
60,Female,Unemployed,5.5,4.3,5.1,5.5,9,1,5,5,7,7,0,1,0,1,High
63,Male,Employed,5.1,3.2,11.4,5.1,3,4,1,4,5,4,1,1,1,0,High
27,Female,Unemployed,4.4,1.7,4.6,8.2,8,9,5,9,5,8,0,1,1,2,High
27,Male,Employed,6.6,1.0,5.1,8.8,3,9,3,6,5,7,0,0,1,1,Low
17,Female,Unemployed,4.6,6.2,3.2,4.4,7,10,5,10,2,2,0,1,0,1,Low
22,Male,Employed,5.4,4.9,9.4,9.9,10,1,8,2,9,2,1,0,0,0,High
43,Male,Student,6.4,1.3,0.0,9.9,8,9,3,4,1,4,0,0,0,0,Low
42,Female,Self-Employed,4.9,3.1,4.7,10.4,3,3,1,1,5,1,0,0,0,0,Low
34,Female,Student,7.6,2.2,5.9,8.7,8,1,2,1,3,5,0,1,0,2,High
31,Female,Student,8.2,0.2,4.0,9.6,9,1,8,10,7,5,0,1,0,2,Moderate
56,Other,Student,6.1,3.4,8.6,13.5,9,8,6,5,6,8,1,0,0,0,High
38,Other,Employed,6.3,2.0,9.6,7.2,8,6,10,7,4,2,0,1,0,0,Low
55,Female,Employed,7.9,0.6,1.8,5.4,8,6,9,3,6,6,0,1,0,0,Moderate
63,Male,Employed,5.9,0.0,12.3,4.2,8,9,2,1,3,7,1,1,0,1,High
31,Female,Self-Employed,5.7,0.0,1.7,12.4,8,1,8,9,2,5,0,0,0,1,Low
25,Female,Student,8.9,2.1,9.9,12.4,2,1,1,7,10,10,0,1,0,1,High
62,Male,Employed,8.4,2.8,6.4,5.7,9,10,1,8,7,4,1,1,1,0,Moderate
47,Male,Employed,8.0,0.8,4.5,6.2,2,7,8,6,7,5,1,0,0,0,Low
30,Female,Unemployed,8.5,4.6,4.8,7.2,6,8,5,5,10,1,0,0,1,2,Low
46,Female,Student,3.8,2.8,5.9,11.1,4,6,10,5,10,5,1,1,0,1,Moderate
41,Female,Student,9.2,4.4,6.6,4.8,3,2,1,8,6,1,1,1,0,0,Low
60,Other,Employed,7.6,2.5,3.2,3.1,3,6,6,3,8,10,1,0,0,0,High
28,Female,Employed,8.6,1.0,5.3,13.4,1,10,4,4,6,3,0,1,0,0,Low
64,Male,Unemployed,7.6,3.3,3.7,8.8,5,2,10,4,3,9,1,0,1,0,Moderate
61,Male,Employed,7.1,0.0,2.4,9.1,5,2,7,6,7,2,1,0,0,0,Low
24,Male,Unemployed,6.6,4.3,3.5,7.5,5,4,8,10,10,3,1,0,1,1,Low
24,Male,Employed,7.6,0.7,2.6,9.2,1,5,3,10,9,2,1,0,1,0,Low
42,Female,Student,6.5,5.3,4.7,4.2,7,7,9,6,6,4,1,0,1,0,Low
18,Female,Student,8.4,2.2,7.3,5.9,2,2,9,3,10,7,1,0,0,1,Moderate
30,Male,Student,4.5,5.7,6.4,8.3,9,10,8,10,2,5,0,0,0,0,Low
37,Male,Employed,6.1,0.2,11.9,2.3,1,2,5,4,1,7,0,0,1,1,Moderate
63,Female,Employed,10.3,1.3,0.0,7.2,1,3,10,4,5,9,1,0,1,2,Moderate
64,Male,Employed,6.0,4.0,7.4,7.1,4,10,7,9,3,1,0,0,1,0,Low
23,Female,Employed,6.6,5.9,6.0,7.2,5,4,1,3,10,5,1,0,0,1,High
59,Male,Employed,5.6,7.2,8.4,6.6,10,6,9,5,2,6,1,0,1,0,Low
20,Female,Employed,7.5,3.1,8.1,5.5,6,5,1,10,6,6,1,0,1,0,Moderate
52,Male,Employed,5.8,7.6,5.5,3.4,4,3,7,4,8,2,0,0,1,0,Low
57,Female,Employed,6.7,2.3,6.5,8.4,9,6,3,7,2,3,1,0,0,1,Low
59,Male,Employed,8.4,5.7,3.8,7.2,3,8,9,1,1,4,1,1,0,0,Low
26,Female,Employed,5.9,0.6,7.8,4.6,9,1,8,10,6,7,0,0,0,1,High
59,Male,Employed,8.3,4.1,0.4,8.2,5,9,9,5,10,10,1,0,0,0,Moderate
21,Male,Employed,8.3,0.0,8.3,7.3,4,2,7,7,1,4,0,0,0,1,Low
41,Female,Employed,8.7,0.2,5.9,6.8,4,10,6,6,1,6,1,0,0,0,Low
39,Male,Employed,7.2,4.2,4.5,2.6,1,10,9,5,10,4,0,0,1,0,Low
31,Male,Employed,12.0,0.0,5.3,9.7,7,10,3,5,7,1,1,1,0,1,Moderate
17,Male,Student,8.7,4.1,5.5,4.9,6,7,6,1,8,4,0,0,0,0,Moderate
53,Male,Employed,7.5,5.3,9.9,8.2,7,10,3,3,3,4,0,0,0,0,Low
32,Male,Self-Employed,5.6,1.7,15.7,6.0,7,9,2,4,4,2,0,0,1,1,Moderate
48,Female,Student,6.8,0.6,9.7,7.0,1,7,9,4,5,7,0,0,0,1,Low
36,Male,Self-Employed,9.3,1.8,4.3,10.9,9,9,5,3,3,3,1,0,0,1,Moderate
34,Female,Student,9.7,0.6,7.9,9.3,6,4,1,7,5,3,1,0,0,0,Moderate
59,Other,Employed,9.4,2.7,8.0,10.8,7,9,9,9,10,4,0,0,0,0,Low
20,Male,Employed,8.3,3.3,3.2,8.8,1,10,10,9,8,10,0,0,0,0,Low
52,Female,Student,5.0,2.2,2.2,9.0,8,7,7,10,9,7,1,1,1,0,Moderate
52,Female,Self-Employed,7.8,7.2,5.8,3.5,7,2,4,7,5,5,0,0,0,0,Low
34,Female,Employed,5.0,1.2,8.4,7.2,4,3,9,5,8,9,0,0,0,0,Moderate
28,Male,Retired,4.6,6.5,1.2,7.4,10,2,8,7,5,1,0,0,1,0,Low
16,Male,Student,7.4,0.4,3.8,11.1,7,6,3,2,7,4,1,0,0,1,High
61,Male,Self-Employed,7.8,3.2,7.7,6.7,10,5,4,9,8,6,1,0,0,0,High
62,Female,Self-Employed,8.4,6.0,6.1,8.7,9,9,10,6,9,5,0,0,0,0,Moderate
27,Other,Employed,7.8,5.8,10.2,8.6,3,3,10,2,10,7,1,0,0,0,Moderate
17,Female,Student,7.9,1.9,1.8,10.9,10,2,7,5,2,8,1,1,0,0,High
22,Male,Employed,5.4,4.4,13.1,7.7,8,7,1,4,8,5,1,0,1,1,High
19,Female,Employed,6.8,4.1,1.4,10.1,2,2,3,4,8,10,1,0,1,0,High
56,Male,Self-Employed,4.6,1.7,0.0,3.7,8,10,4,1,8,10,1,1,1,0,High
59,Female,Employed,3.8,4.5,5.8,4.0,5,1,6,1,1,5,1,0,0,2,Moderate
23,Male,Student,8.2,7.7,2.6,2.3,9,5,9,4,5,10,1,1,0,0,High
52,Female,Student,5.8,4.2,5.9,10.0,2,10,9,4,10,7,0,0,1,0,Moderate
24,Female,Employed,8.4,4.4,5.8,9.7,3,6,3,10,10,2,1,0,0,1,Low
33,Male,Retired,8.8,4.7,5.4,10.2,4,9,2,3,3,2,1,0,0,1,Low
45,Male,Student,6.0,0.0,3.5,6.3,5,5,3,4,5,1,0,0,0,2,Low
51,Female,Employed,7.9,4.2,7.3,6.6,7,8,3,10,9,3,0,0,0,2,Moderate
58,Male,Self-Employed,5.9,0.5,5.0,7.7,3,8,9,9,10,4,0,0,0,1,Low
18,Female,Student,4.0,1.5,9.3,11.6,8,6,1,1,4,1,0,1,0,0,High
25,Female,Student,7.2,8.4,5.5,12.2,1,2,9,1,9,7,0,1,0,1,Moderate
29,Female,Employed,6.2,2.4,3.1,10.0,4,10,7,1,9,5,0,0,0,0,Moderate
31,Male,Employed,6.3,1.1,0.9,8.8,7,1,2,5,2,7,0,0,0,1,High
64,Male,Student,10.2,5.9,5.5,11.3,3,4,7,6,1,6,1,0,0,2,Low
54,Male,Unemployed,4.6,0.6,2.2,7.4,5,7,6,4,1,3,0,0,0,0,Low
31,Other,Employed,7.6,1.9,2.0,7.0,7,8,1,1,2,7,0,0,0,2,Moderate
63,Male,Self-Employed,5.4,6.1,7.6,7.7,3,6,3,3,8,10,0,1,0,1,High
40,Male,Self-Employed,8.5,3.1,0.7,5.6,10,5,4,7,4,4,0,0,0,0,Moderate
40,Male,Unemployed,7.5,0.0,10.2,7.6,9,5,3,4,7,4,0,0,0,2,High
37,Other,Employed,7.6,4.4,6.5,5.2,10,10,6,2,1,6,1,0,0,1,Moderate
23,Male,Student,5.5,2.0,5.9,10.6,5,4,7,7,7,9,0,0,0,0,Moderate
61,Female,Employed,5.8,6.8,2.9,9.4,4,9,2,7,8,6,0,0,0,1,Moderate
16,Female,Student,8.5,1.5,8.3,11.6,10,1,2,5,10,9,1,0,1,0,High
24,Female,Employed,9.8,5.6,6.0,3.9,8,7,7,10,4,1,1,0,0,0,Low
27,Other,Student,7.8,7.4,3.9,12.8,8,7,5,9,6,1,0,0,0,1,Low
29,Female,Employed,5.6,0.9,6.6,4.1,2,7,3,1,5,5,0,0,0,2,Moderate
22,Female,Student,7.5,2.5,1.0,5.0,9,5,3,10,4,3,1,0,1,1,Moderate
16,Male,Student,10.9,4.0,1.1,6.4,6,7,1,1,7,1,0,1,0,1,Moderate
49,Female,Student,7.2,0.9,2.6,11.3,8,5,9,5,6,3,0,0,1,1,Low
63,Female,Employed,9.3,3.7,7.0,8.6,9,6,9,10,9,3,1,0,0,0,Low
21,Female,Unemployed,5.8,2.4,6.0,7.4,2,9,6,10,1,10,1,1,0,1,Low
30,Female,Student,6.9,2.4,9.1,6.0,1,7,4,1,3,8,1,0,0,1,Moderate
40,Other,Self-Employed,8.0,3.1,3.2,4.6,1,8,3,1,6,4,0,0,0,0,Low
61,Female,Self-Employed,7.6,3.2,7.7,10.8,7,10,4,3,6,10,1,1,0,0,High
50,Female,Employed,5.8,3.4,5.7,10.0,10,3,10,3,10,9,1,0,0,1,High
53,Male,Employed,5.7,1.5,3.2,11.4,1,6,1,3,7,3,1,1,0,2,Moderate
44,Male,Employed,8.6,1.6,7.2,9.0,2,7,9,5,1,5,0,0,0,2,Low
36,Male,Student,8.9,2.7,5.8,1.4,5,7,4,4,5,10,0,0,1,1,High
25,Male,Employed,9.4,2.9,4.1,4.9,4,2,3,6,9,5,0,0,1,1,High
58,Male,Student,9.9,1.9,6.1,9.2,2,8,9,9,9,4,1,0,0,1,Low
55,Male,Self-Employed,7.2,3.8,5.6,7.1,7,2,10,6,9,10,0,0,1,2,High
17,Female,Self-Employed,6.5,0.0,5.5,6.6,10,5,10,4,5,7,0,0,1,1,High
51,Male,Unemployed,9.2,1.2,4.8,5.2,3,8,3,6,2,5,0,0,1,2,Low
20,Female,Employed,8.1,2.3,2.1,10.4,1,3,6,7,3,9,0,0,1,2,Low
52,Female,Employed,5.4,0.9,6.2,9.1,3,2,3,9,9,8,1,0,0,0,High
56,Male,Retired,5.3,7.1,3.6,9.3,2,7,2,10,4,4,0,0,1,2,Low
22,Male,Student,7.8,3.0,2.9,6.4,5,3,4,3,8,5,0,0,0,1,Moderate
37,Male,Student,6.7,3.4,5.3,8.4,2,9,1,10,1,1,1,0,1,0,Low
22,Other,Employed,7.0,1.8,8.2,4.7,4,9,2,9,5,2,1,1,0,0,Low
43,Male,Employed,8.7,3.0,6.6,7.7,2,4,6,2,10,10,1,0,0,1,High
61,Female,Employed,8.2,0.0,4.4,1.7,7,8,7,6,3,1,1,0,0,0,Low
19,Female,Student,9.1,2.6,4.3,4.1,5,3,3,2,1,9,0,1,0,0,High
35,Other,Employed,3.9,0.7,7.9,7.2,1,10,6,5,3,3,0,1,0,1,Low
63,Male,Student,7.4,2.3,0.0,13.9,1,3,8,1,1,6,0,0,1,0,Low
30,Male,Student,8.1,0.0,8.4,3.5,5,9,9,3,7,8,1,0,0,0,Moderate
22,Male,Student,4.6,0.2,0.4,4.9,6,8,6,6,2,10,1,1,0,1,Moderate
39,Male,Employed,6.0,6.7,1.8,8.5,2,4,3,4,3,4,0,0,0,0,Low
40,Male,Self-Employed,5.7,5.1,4.5,12.4,4,9,8,1,6,10,1,0,0,1,Moderate
48,Female,Employed,7.0,6.3,12.5,8.5,7,7,2,4,4,5,1,0,0,0,Moderate
31,Female,Employed,9.6,6.5,11.0,9.8,5,7,2,6,7,9,1,0,1,2,Moderate
62,Female,Unemployed,10.2,4.7,8.1,7.2,2,4,4,8,10,2,0,1,1,0,Low
41,Female,Employed,5.7,1.9,7.1,6.7,4,3,4,2,10,3,0,0,0,1,High
30,Male,Unemployed,7.8,0.4,0.4,8.2,2,7,2,5,8,7,1,0,0,1,Low
63,Female,Employed,7.9,5.9,6.5,6.4,10,1,1,2,10,8,1,0,1,2,High
61,Female,Employed,7.6,3.2,4.4,9.8,9,4,10,2,8,9,1,0,0,1,High
40,Female,Student,7.6,9.2,3.5,4.0,4,2,7,2,1,4,1,0,1,1,Low
17,Female,Student,7.5,2.1,6.5,10.2,3,1,8,8,10,7,0,1,0,0,Moderate
45,Male,Retired,9.7,7.9,4.6,8.1,2,1,1,10,6,7,1,0,1,1,Moderate
43,Male,Unemployed,8.8,2.6,8.6,7.5,8,1,8,7,1,10,0,1,0,1,Moderate
23,Male,Self-Employed,5.3,6.3,0.2,3.9,10,10,4,4,7,2,0,0,1,1,Moderate
47,Male,Self-Employed,8.3,7.2,6.2,5.6,3,8,8,10,3,1,0,0,1,0,Low
57,Female,Student,8.4,0.4,3.4,11.0,7,10,5,5,6,6,0,0,0,1,Low
21,Male,Unemployed,7.5,1.8,4.8,7.5,3,1,3,6,7,1,0,0,0,1,Moderate
51,Female,Employed,8.8,0.4,6.9,8.7,10,10,3,7,1,2,1,0,0,1,Low
22,Female,Unemployed,7.3,0.0,2.6,5.8,3,6,2,7,5,6,1,1,0,1,Moderate
52,Male,Student,7.3,4.7,6.5,7.9,1,8,9,5,1,3,0,0,1,0,Low
36,Male,Student,7.2,2.5,5.4,4.6,9,9,5,5,2,3,0,0,0,1,Low
16,Female,Unemployed,3.8,3.1,4.0,8.2,10,3,8,4,3,4,0,1,0,0,High
63,Female,Unemployed,6.9,4.4,4.6,8.9,4,8,9,7,8,7,0,1,0,1,Low
24,Male,Employed,5.9,0.0,5.5,8.8,10,7,2,7,5,4,0,0,0,1,High
45,Male,Employed,5.1,6.2,3.7,5.7,3,5,4,5,1,8,1,0,1,0,Low
24,Female,Employed,9.3,2.1,6.0,7.1,3,5,2,8,8,2,1,1,0,0,Moderate
61,Male,Retired,7.8,4.3,5.2,9.3,6,3,1,2,6,2,0,0,0,1,High
52,Female,Employed,7.0,4.6,4.2,7.5,7,2,10,5,2,2,1,0,0,1,Low
55,Male,Employed,6.1,6.4,10.8,7.3,4,10,7,10,6,10,1,0,1,0,Low
37,Male,Employed,7.5,2.7,7.2,12.8,8,8,5,8,3,3,0,0,0,0,Low
38,Female,Employed,8.6,0.0,4.9,5.6,8,6,3,8,7,1,0,0,0,0,Moderate
47,Female,Employed,5.7,3.1,6.4,10.7,2,7,6,9,10,4,0,1,0,1,Low
54,Female,Employed,7.0,3.5,2.9,5.1,10,5,6,7,4,7,0,0,1,0,Moderate
57,Male,Unemployed,8.4,0.4,4.7,9.6,2,3,3,7,8,4,1,1,1,1,High
16,Other,Self-Employed,3.9,3.4,5.0,9.8,6,10,1,5,1,4,0,0,0,1,Moderate
48,Female,Self-Employed,6.9,2.1,2.3,6.7,5,10,5,9,5,1,0,0,0,1,Low
21,Male,Employed,6.3,0.0,7.2,5.0,5,3,6,8,9,7,0,0,0,2,Moderate
30,Male,Employed,6.8,4.7,4.5,3.1,2,9,8,6,1,3,0,0,0,1,Low
56,Male,Employed,6.2,1.6,4.9,6.5,4,5,4,2,10,1,1,0,0,1,Moderate
28,Female,Unemployed,7.2,2.0,4.3,9.3,1,8,1,9,1,8,0,0,1,1,Low
55,Male,Employed,10.1,1.8,14.9,5.3,10,2,9,4,5,10,1,0,0,1,High
38,Female,Employed,6.5,6.1,4.0,8.2,2,5,5,4,2,7,0,0,0,1,Low
27,Male,Employed,7.5,2.9,0.0,4.3,5,2,8,2,1,10,0,0,0,0,Moderate
32,Other,Employed,10.2,3.2,1.2,7.4,3,9,1,3,4,5,0,0,0,2,Low
42,Male,Employed,6.1,1.9,8.3,5.1,2,4,1,2,6,6,1,0,1,0,Moderate
53,Female,Student,9.9,4.2,10.0,7.8,4,3,1,1,8,4,0,0,1,2,High
45,Male,Employed,7.0,6.4,4.0,6.7,10,7,8,1,4,6,1,0,0,0,Moderate
61,Male,Employed,9.9,4.6,9.8,5.0,5,10,3,3,5,9,0,1,0,1,Moderate
58,Female,Student,8.2,4.7,8.2,6.4,10,4,8,8,2,7,1,1,0,2,High
52,Female,Self-Employed,7.5,4.5,5.4,5.7,9,8,10,9,8,1,1,0,0,1,Low
45,Female,Employed,6.9,0.0,5.2,4.7,5,7,7,3,2,6,1,0,0,1,Low
30,Male,Student,6.0,0.8,6.5,10.7,10,5,10,5,9,4,0,0,0,0,Moderate
36,Female,Unemployed,7.1,2.5,8.6,7.1,4,9,10,9,2,6,0,0,1,0,Low
21,Female,Employed,8.4,1.2,7.2,2.5,6,2,8,8,7,6,1,1,0,0,Moderate
34,Female,Unemployed,7.0,0.3,4.0,6.4,7,9,9,10,4,6,1,0,0,1,Low
61,Male,Employed,6.5,0.0,5.5,10.3,6,5,7,5,10,9,0,1,0,0,High
36,Female,Self-Employed,6.6,0.0,11.9,6.1,9,1,3,2,3,9,0,0,0,0,High
21,Female,Employed,8.6,2.4,6.8,11.7,2,10,2,2,10,10,0,1,0,0,High
47,Other,Employed,9.0,2.8,8.6,5.9,5,8,4,8,9,7,0,1,1,2,High
63,Male,Student,5.9,1.0,7.6,9.3,7,9,5,1,5,3,0,0,0,1,Low
58,Male,Employed,5.9,3.2,6.8,10.6,4,2,4,5,5,2,0,1,1,0,Low
29,Female,Employed,7.6,1.9,6.3,9.1,9,8,2,4,4,9,0,0,0,2,High
38,Female,Employed,9.4,5.7,8.7,4.6,4,7,6,10,5,10,1,0,0,1,Low
42,Female,Employed,8.8,2.6,8.2,5.6,4,10,5,10,5,1,1,0,1,0,Low
28,Male,Unemployed,5.0,4.7,6.8,10.9,4,4,10,5,2,3,1,1,0,0,Low
29,Male,Employed,6.6,3.5,3.9,6.0,7,10,10,6,4,7,0,1,0,2,Low
27,Female,Student,5.5,0.0,7.2,10.4,2,8,7,4,9,2,1,0,1,0,Low
64,Male,Retired,6.6,2.8,5.8,6.9,2,3,9,8,10,1,0,0,0,0,Low
52,Male,Employed,9.6,0.0,5.1,8.4,8,3,4,3,1,10,1,0,0,2,High
57,Female,Retired,4.7,2.7,14.0,4.5,3,10,10,8,8,1,0,0,1,1,Low
56,Female,Retired,4.4,1.1,1.4,6.5,2,7,10,10,3,3,0,0,0,1,Low
62,Female,Self-Employed,5.7,4.0,8.9,5.8,3,2,2,2,7,10,1,0,0,1,High
21,Male,Unemployed,7.5,0.0,3.4,8.6,4,2,8,3,7,2,0,0,0,1,Low
59,Male,Employed,8.0,3.0,6.4,8.2,1,9,5,4,9,8,1,1,0,0,Moderate
19,Female,Student,7.7,4.4,13.7,9.2,9,2,3,9,8,6,1,0,0,1,High
39,Male,Employed,8.9,5.3,3.1,6.8,2,3,5,7,9,6,0,0,0,0,Low
45,Male,Unemployed,4.2,1.1,3.8,5.7,5,7,10,2,9,9,0,0,0,0,High
33,Male,Employed,8.9,3.0,5.9,8.5,3,9,10,4,7,1,1,0,1,2,Low
23,Female,Self-Employed,6.5,3.5,3.5,5.4,3,4,4,7,5,1,1,0,0,0,Low
25,Female,Student,8.2,6.9,8.7,10.7,1,7,5,10,4,2,1,1,0,0,Low
56,Female,Employed,4.9,0.0,4.4,7.7,10,8,6,5,4,5,0,0,1,0,Moderate
31,Female,Employed,7.0,0.7,8.0,7.2,10,7,8,1,4,10,1,1,1,1,High
31,Male,Employed,7.4,10.0,2.0,9.2,2,7,5,2,3,1,0,1,1,2,Low
61,Male,Student,8.8,2.3,0.6,7.8,2,3,4,1,4,5,0,1,0,0,Moderate
23,Male,Student,4.5,0.0,5.3,3.9,9,7,10,2,6,5,1,0,0,0,Moderate
60,Male,Unemployed,7.0,1.5,1.3,5.3,5,1,4,5,3,2,0,0,1,1,Low
61,Male,Employed,5.3,0.0,10.6,10.6,1,8,3,3,4,4,0,1,0,1,Moderate
45,Male,Student,7.8,3.6,1.4,8.2,2,8,4,4,8,3,0,0,0,0,Low
24,Male,Student,8.2,5.0,2.9,3.8,5,8,4,8,4,2,1,0,0,0,Low
23,Female,Employed,9.1,0.7,7.2,8.9,6,1,6,5,2,6,1,0,1,1,Moderate
29,Female,Student,6.1,1.8,4.2,6.6,7,10,7,8,1,10,1,0,0,0,Low
44,Male,Employed,8.5,5.3,1.4,5.8,2,5,2,6,8,5,0,0,0,1,Low
23,Female,Unemployed,9.2,0.0,12.1,5.1,4,1,9,3,10,7,0,1,0,0,High
38,Female,Student,4.4,0.0,3.0,10.5,3,6,3,10,7,7,1,0,1,1,Moderate
21,Female,Employed,8.0,2.4,5.4,3.1,6,6,2,5,1,9,0,0,0,1,Moderate
42,Female,Student,8.5,1.1,5.4,5.9,4,5,7,9,6,9,0,1,0,1,Moderate
17,Male,Employed,6.6,2.3,8.1,8.3,3,8,3,1,3,10,0,0,1,1,High
50,Female,Self-Employed,5.1,0.0,7.4,11.9,9,6,8,9,4,9,1,0,0,0,Moderate
18,Male,Employed,8.5,3.5,3.5,9.4,6,3,10,8,10,10,1,1,0,0,High
25,Male,Self-Employed,5.1,2.6,5.0,5.9,5,7,7,3,9,10,0,1,0,1,High
24,Male,Student,6.7,4.4,5.3,11.8,2,3,8,8,8,8,0,0,0,1,Low
56,Male,Employed,6.9,3.5,8.2,4.6,1,2,5,8,6,5,1,0,0,1,Low
18,Male,Employed,8.1,3.5,2.5,8.7,8,3,4,9,6,4,1,0,0,0,Moderate
37,Male,Employed,6.0,0.0,12.1,9.2,10,10,7,3,10,6,0,1,0,1,High
44,Female,Retired,5.9,4.2,3.7,5.8,6,6,4,9,7,9,0,1,1,0,High
41,Male,Student,7.2,2.2,6.0,9.7,1,4,9,8,6,8,1,0,0,0,Low
49,Male,Self-Employed,8.6,2.6,2.5,6.7,5,4,5,4,1,6,1,1,0,0,Moderate
55,Male,Self-Employed,10.7,5.6,2.1,9.7,3,9,5,4,10,1,1,0,0,2,Low
35,Male,Employed,4.6,1.2,3.4,3.4,1,7,7,3,9,3,1,0,1,1,Low
56,Male,Employed,7.5,6.4,3.1,8.8,2,8,2,5,4,6,1,0,0,1,Low
31,Male,Employed,5.3,6.6,4.8,7.0,5,7,6,9,3,4,0,0,0,1,Low
64,Male,Student,8.6,4.9,3.1,10.9,5,10,8,9,10,5,0,1,0,0,Low
40,Female,Unemployed,5.5,0.5,8.1,7.9,6,7,8,2,10,4,0,0,1,0,Moderate
52,Female,Employed,5.9,0.0,3.7,11.1,7,5,3,2,5,1,1,0,1,0,Moderate
58,Female,Self-Employed,6.1,5.7,3.3,9.3,3,3,1,1,3,5,0,0,0,0,Moderate
54,Female,Employed,6.9,3.3,4.8,7.7,3,1,2,7,8,5,0,1,0,1,Moderate
57,Female,Employed,7.5,1.1,9.0,10.0,7,8,9,4,7,8,0,0,0,0,Moderate
42,Other,Employed,7.8,5.9,6.6,10.0,2,10,3,8,10,2,1,1,0,1,Low
18,Female,Employed,7.0,0.8,5.7,9.2,1,7,1,8,6,5,1,0,0,1,Low
40,Female,Self-Employed,4.9,1.9,1.7,2.3,9,5,6,2,6,9,0,1,0,2,High
24,Female,Student,8.2,4.3,2.6,5.5,3,2,9,7,2,3,0,0,0,0,Low
59,Female,Retired,6.9,0.2,2.2,11.5,2,7,3,8,7,4,1,0,0,1,Low
27,Male,Unemployed,8.9,2.7,9.9,4.9,8,3,1,10,4,1,0,1,1,0,Moderate
27,Male,Self-Employed,5.9,5.7,7.6,10.2,6,7,2,8,3,6,1,0,0,0,Low
28,Male,Employed,4.4,3.5,3.4,9.8,2,4,2,4,8,9,0,1,1,1,High
47,Male,Unemployed,6.9,6.1,4.3,6.2,9,9,3,10,4,5,1,0,0,0,Low
43,Female,Employed,9.1,5.8,3.5,3.0,3,10,2,3,3,5,0,0,0,1,Low
62,Male,Unemployed,7.3,3.0,3.3,6.6,7,3,7,9,10,8,1,1,1,1,High
36,Female,Student,6.7,0.0,7.4,13.2,7,4,3,4,10,5,0,1,0,0,High
29,Female,Employed,5.6,0.2,5.1,5.8,9,10,6,10,5,4,0,0,0,2,Low
18,Female,Employed,9.8,4.9,12.2,6.0,8,1,5,8,3,8,1,0,0,0,Moderate
16,Male,Employed,5.4,0.0,9.8,5.5,8,6,7,6,2,3,1,1,1,2,Moderate
34,Male,Employed,5.8,2.2,9.9,11.0,1,2,7,3,7,9,1,0,0,1,Moderate
61,Female,Unemployed,7.9,3.8,8.0,7.4,10,5,6,2,7,3,1,1,0,0,High
41,Female,Student,4.0,6.7,4.7,6.4,2,1,9,10,7,6,1,0,0,0,Low
59,Other,Employed,9.0,1.6,7.8,11.5,3,2,2,9,8,3,1,0,0,0,Moderate
20,Female,Student,8.0,1.4,5.0,9.4,5,5,6,6,5,7,0,1,0,1,Moderate
20,Female,Unemployed,8.4,2.9,10.9,5.7,3,1,4,9,7,5,1,0,1,0,Moderate
56,Male,Unemployed,7.9,3.9,7.2,4.9,6,8,6,8,7,3,0,0,0,1,Low
21,Male,Employed,6.7,2.6,6.8,10.9,1,6,2,4,8,8,0,0,0,0,Moderate
18,Male,Employed,5.3,5.6,6.4,8.0,5,5,4,9,8,10,1,1,0,2,High
35,Female,Self-Employed,6.8,1.0,11.2,4.1,4,5,10,8,1,1,0,0,1,0,Low
61,Female,Unemployed,5.4,3.3,1.7,3.5,7,9,9,5,7,6,0,1,0,1,Moderate
49,Male,Employed,7.8,4.1,11.5,5.2,6,9,5,1,10,8,0,0,0,1,High
20,Female,Employed,8.3,2.0,5.4,4.9,8,1,2,8,6,8,0,0,0,0,High
57,Male,Unemployed,9.4,5.1,1.8,2.9,2,7,7,4,6,3,1,0,0,0,Low
57,Male,Student,7.6,3.4,3.7,5.3,10,5,4,4,7,2,0,0,0,1,Moderate
55,Male,Unemployed,8.5,5.0,1.0,5.7,4,8,4,8,6,6,0,0,0,1,Low
60,Male,Employed,6.5,3.5,8.0,6.8,4,8,1,9,5,7,0,0,0,1,Low
27,Female,Unemployed,6.2,3.9,2.9,12.2,6,8,3,1,10,3,0,0,0,0,Moderate
63,Male,Student,7.8,1.4,6.5,7.3,2,7,3,9,1,4,0,0,0,2,Low
31,Female,Student,6.4,1.4,9.4,7.6,9,3,1,3,9,6,0,0,0,2,High
55,Female,Retired,7.4,6.1,4.0,9.3,3,9,6,6,2,5,1,0,1,1,Low
44,Male,Self-Employed,5.3,4.6,5.2,7.4,10,8,10,9,3,5,1,0,0,0,Low
54,Male,Self-Employed,5.6,0.4,2.1,9.0,2,3,2,3,7,7,0,0,0,0,Moderate
46,Female,Retired,8.0,3.5,4.8,8.7,9,3,1,3,7,10,0,1,1,2,High
47,Male,Employed,8.4,0.0,13.7,8.3,4,6,2,10,10,8,0,1,0,1,High
46,Female,Student,5.4,1.6,8.3,14.9,7,4,6,4,3,1,0,1,0,1,Moderate
54,Male,Student,8.1,5.4,5.2,10.3,9,7,9,10,1,4,0,0,0,2,Low
52,Female,Employed,6.1,2.7,4.2,5.3,2,5,4,4,3,1,1,0,1,0,Low
22,Female,Student,7.0,3.3,5.9,8.9,4,2,2,7,6,9,1,1,0,1,High
56,Male,Self-Employed,9.3,0.0,6.4,6.0,10,4,1,6,4,7,0,1,0,1,High
42,Male,Student,8.3,2.0,4.7,9.1,2,9,7,10,3,3,0,0,1,1,Low
31,Other,Student,8.3,3.8,7.6,4.6,2,9,4,6,10,9,1,0,0,1,Moderate
41,Male,Student,10.1,4.2,3.1,5.2,6,4,4,6,6,6,1,1,0,1,Moderate
63,Male,Student,5.9,5.4,3.1,8.9,1,8,3,5,7,1,0,1,0,0,Low
58,Male,Student,5.4,2.5,7.1,10.5,10,1,9,4,8,2,1,0,0,2,High
56,Male,Employed,5.8,2.6,2.5,9.3,10,10,4,5,5,9,0,0,0,1,Moderate
38,Female,Employed,6.6,0.0,8.2,10.1,2,8,8,5,8,3,1,1,0,0,Low
54,Female,Employed,3.2,2.5,6.0,8.9,2,1,8,8,10,6,0,0,0,2,Moderate
34,Male,Self-Employed,6.7,0.0,0.5,8.4,8,8,1,1,8,9,1,0,0,0,High
49,Female,Employed,6.1,0.0,6.3,6.7,6,5,3,6,3,3,0,0,0,0,Low
47,Male,Employed,8.3,0.3,0.9,10.0,9,9,9,6,8,1,0,0,1,2,Low
28,Male,Employed,7.6,6.8,8.1,10.6,10,3,9,8,3,1,1,0,0,1,Low
29,Female,Student,6.0,2.3,5.3,7.8,5,9,5,7,1,10,1,1,0,2,Moderate
18,Other,Employed,7.9,3.5,11.6,7.7,3,9,2,5,5,6,1,0,0,2,Low
22,Male,Retired,8.2,1.7,9.2,12.0,7,3,3,2,6,4,0,0,0,1,High
37,Male,Employed,5.8,0.0,2.8,7.9,7,5,10,4,5,1,1,0,0,0,Low
39,Female,Student,6.2,5.3,0.0,8.2,5,7,7,3,3,7,0,0,1,1,Low
24,Female,Employed,3.4,0.0,3.7,9.2,3,3,1,3,3,1,1,0,0,1,Moderate
36,Male,Unemployed,5.3,1.6,2.3,7.8,3,10,8,8,10,1,0,0,0,1,Low
45,Male,Employed,5.8,2.9,11.5,5.9,6,2,2,5,3,6,0,0,1,1,Moderate
27,Female,Employed,7.1,3.6,6.0,8.9,5,3,4,8,8,7,0,1,0,0,Moderate
32,Male,Self-Employed,5.5,1.2,8.8,7.9,5,6,5,2,3,6,1,0,1,0,Moderate
34,Male,Employed,6.2,0.0,5.1,12.6,1,5,4,10,2,10,1,1,0,1,Low
40,Male,Employed,5.0,1.0,5.5,10.0,9,1,7,5,1,3,0,0,0,1,Moderate
33,Male,Student,7.3,1.1,5.9,6.5,8,10,2,3,3,6,1,0,0,1,Moderate
52,Male,Student,7.7,1.1,9.3,9.8,10,3,9,4,9,4,0,1,0,0,High
32,Female,Retired,7.6,5.4,6.9,8.8,9,2,6,9,5,4,0,0,1,0,Moderate
37,Female,Employed,7.0,0.0,2.8,11.3,7,6,4,8,7,2,0,1,0,1,Moderate
34,Female,Employed,4.5,3.8,10.9,6.7,4,10,10,2,10,8,1,0,0,0,Moderate
24,Other,Employed,6.0,3.4,5.1,8.5,7,1,5,10,1,8,1,1,1,1,Moderate
49,Male,Student,6.3,5.4,4.6,7.8,6,5,5,2,2,8,1,0,0,1,Moderate
27,Male,Unemployed,6.4,2.7,0.0,8.1,10,10,1,3,10,2,0,0,0,0,Moderate
30,Female,Student,7.1,5.0,7.9,5.8,3,9,10,8,6,2,0,0,0,1,Low
54,Male,Unemployed,9.3,2.6,6.3,9.4,1,2,9,6,7,8,1,0,0,2,Low
62,Female,Employed,8.3,4.1,6.3,9.0,2,7,2,5,4,7,0,0,1,0,Low
48,Female,Student,5.4,0.0,4.8,11.2,2,9,10,10,9,1,1,0,0,0,Low
60,Male,Student,8.1,0.0,4.3,8.0,7,7,8,8,7,7,1,0,0,0,Moderate
57,Male,Unemployed,8.0,3.9,4.9,7.0,2,7,5,10,3,10,0,0,0,1,Low
39,Male,Student,5.7,4.1,7.4,10.0,2,8,10,3,7,8,0,0,0,2,Low
53,Male,Student,8.4,4.2,7.9,6.0,4,5,6,9,1,3,1,0,0,1,Low
32,Male,Unemployed,6.7,1.7,5.3,10.7,8,1,7,3,3,4,1,0,0,2,Moderate
38,Male,Employed,4.7,6.7,8.8,10.7,5,7,2,9,3,8,1,1,0,1,Moderate
42,Female,Employed,7.7,1.9,5.8,11.1,3,7,2,6,8,5,1,0,0,0,Moderate
63,Female,Student,7.3,4.1,4.5,8.9,3,9,6,6,8,8,0,0,0,0,Low
57,Female,Self-Employed,6.6,4.5,6.6,6.8,9,10,4,2,1,10,1,0,0,1,High
39,Male,Student,6.9,7.3,1.9,8.3,5,4,10,9,10,5,1,0,0,1,Low
47,Male,Student,5.8,2.2,6.7,9.0,4,10,1,3,9,6,1,0,0,1,Moderate
25,Male,Employed,8.0,1.4,1.4,6.6,8,1,8,6,5,5,0,1,1,1,High
55,Male,Student,6.9,0.0,2.9,11.3,4,10,7,2,3,6,0,0,0,0,Low
43,Female,Employed,7.3,6.9,0.0,9.5,4,2,9,10,5,1,0,1,0,0,Low
42,Male,Student,7.6,4.1,5.5,5.8,8,7,10,4,6,10,0,0,1,1,High
53,Male,Student,5.2,4.1,10.8,12.7,4,7,9,8,7,6,1,1,0,1,Moderate
47,Female,Employed,5.6,10.8,5.6,8.2,6,7,4,8,4,3,1,0,0,1,Low
19,Male,Self-Employed,3.5,3.8,7.9,5.3,7,10,7,6,2,6,0,0,1,0,Low
30,Male,Student,7.9,0.0,13.1,5.9,3,6,2,2,7,4,1,0,0,2,Moderate
24,Male,Student,5.1,2.5,7.2,11.7,2,2,5,3,8,9,0,1,0,0,High
52,Female,Self-Employed,7.2,0.6,3.7,12.6,9,7,3,7,3,8,1,0,0,0,Moderate
17,Female,Self-Employed,7.6,2.0,4.1,10.5,3,3,3,6,7,4,1,0,0,1,Low
25,Male,Employed,8.0,2.0,6.0,11.3,4,7,6,6,6,8,1,0,0,2,Moderate
45,Female,Student,5.1,1.5,4.1,11.0,6,4,2,3,6,1,1,0,0,2,Moderate
50,Female,Employed,6.9,0.0,4.3,9.4,2,1,6,6,1,10,1,1,0,0,Moderate
40,Female,Student,9.7,7.0,9.0,8.8,1,7,5,1,4,6,1,0,0,0,Low
58,Male,Student,9.7,3.7,9.1,9.3,5,1,3,5,4,7,0,0,0,1,Moderate
61,Male,Employed,8.6,2.4,1.1,9.8,10,4,6,1,9,7,1,0,0,1,High
22,Female,Employed,7.5,4.9,3.5,6.1,6,7,8,7,9,4,0,0,0,1,Low
62,Male,Employed,5.4,4.2,4.6,9.8,6,9,7,6,9,7,0,1,0,0,Moderate
46,Female,Employed,8.1,3.7,7.8,11.6,7,4,1,9,5,4,1,1,0,1,High
47,Female,Student,6.7,4.7,9.4,7.5,9,3,6,5,4,7,1,0,0,0,High
20,Male,Employed,7.9,3.3,14.1,7.2,9,4,7,2,5,1,1,0,1,0,Moderate
46,Female,Unemployed,6.0,4.7,4.6,9.2,1,6,7,3,8,2,0,1,1,1,Low
51,Female,Self-Employed,6.7,4.9,4.8,6.4,6,2,5,9,7,10,0,0,0,0,High
44,Female,Employed,7.3,3.4,7.8,4.7,6,6,1,10,7,8,0,1,0,1,High
20,Male,Employed,7.4,2.4,4.0,10.9,3,9,2,1,5,2,1,0,1,1,Low
41,Female,Student,7.8,6.8,5.6,6.9,10,1,4,7,7,3,1,0,0,0,High
61,Female,Student,6.1,1.8,4.8,8.0,3,10,7,5,9,6,1,0,1,0,Low
51,Female,Employed,4.9,4.0,0.0,6.5,9,6,8,3,7,1,0,0,1,2,Moderate
22,Female,Student,9.6,4.0,6.4,11.2,2,7,7,6,5,5,1,1,1,1,Low
63,Female,Employed,11.0,1.5,5.5,10.1,7,7,4,10,9,4,0,1,0,2,Moderate
62,Male,Employed,7.7,1.0,9.8,7.4,8,10,5,2,10,2,1,0,0,0,Moderate
24,Male,Student,4.9,2.1,6.0,5.1,6,7,1,9,8,3,1,0,0,1,Moderate
55,Male,Student,5.8,1.8,2.2,7.1,2,9,8,1,9,3,0,1,0,2,Low
35,Female,Employed,7.8,0.0,5.2,9.4,2,3,4,8,3,1,1,1,1,0,Low
45,Female,Retired,9.1,1.4,0.0,8.5,7,3,6,1,5,7,1,0,1,0,High
37,Female,Employed,5.1,3.7,2.4,8.3,9,7,5,1,3,3,0,1,0,2,Moderate
54,Male,Employed,6.8,6.2,7.9,8.5,6,2,3,1,4,1,0,0,0,0,Moderate
64,Female,Student,7.3,4.4,5.3,9.9,2,2,2,9,8,1,1,1,1,0,Low
54,Female,Employed,8.4,0.0,8.8,7.9,8,3,10,6,7,10,1,0,1,2,High
61,Male,Student,6.5,4.6,0.1,9.1,5,3,2,7,1,2,1,0,1,0,Low
62,Female,Employed,4.5,1.6,5.3,5.5,1,1,10,2,8,10,0,0,0,1,Moderate
20,Female,Unemployed,8.0,4.1,4.6,14.4,4,8,2,10,2,2,1,0,1,1,Low
28,Female,Employed,8.8,3.0,8.9,7.3,3,6,1,9,2,1,0,0,0,1,Low
51,Male,Student,6.9,2.5,8.0,8.5,10,3,10,5,6,6,0,0,0,0,High
44,Female,Student,7.6,2.7,7.9,9.4,10,3,10,9,3,9,0,0,0,0,Moderate
18,Other,Student,6.2,2.9,10.6,7.0,2,10,9,2,10,1,0,1,0,1,Low
20,Female,Employed,5.6,6.4,4.9,8.0,6,10,8,3,2,4,0,0,1,1,Low
41,Female,Self-Employed,8.6,3.0,10.0,8.0,1,2,5,1,2,8,0,0,0,0,Moderate
46,Other,Student,7.6,5.7,2.9,5.7,5,7,2,2,8,1,0,1,0,0,Low
24,Male,Employed,7.8,5.3,2.8,9.1,2,4,6,9,3,2,1,0,0,1,Low
24,Female,Employed,9.4,4.7,8.3,3.9,8,4,6,5,8,4,0,0,1,0,High
22,Male,Student,5.3,0.0,1.5,12.4,1,6,8,7,7,9,0,1,0,1,Moderate
43,Other,Student,6.1,5.8,7.7,10.0,10,10,1,9,2,9,0,0,0,2,Moderate
16,Male,Employed,7.3,1.9,6.3,9.6,3,6,1,8,6,8,1,1,0,0,Moderate
44,Male,Employed,6.1,4.8,9.2,3.7,3,10,6,4,6,7,1,0,0,2,Low
39,Female,Employed,8.3,0.6,5.8,6.0,9,9,9,4,1,1,0,0,0,1,Low
38,Male,Employed,6.7,0.0,6.2,11.5,10,8,10,2,8,3,1,1,0,1,High
49,Female,Self-Employed,5.4,7.9,7.5,16.0,1,8,6,9,9,10,1,1,0,2,Moderate
41,Male,Unemployed,7.1,0.6,4.0,11.0,2,8,4,10,10,8,1,0,1,0,Moderate
51,Other,Retired,7.3,5.9,3.9,10.6,9,3,5,6,1,3,0,1,1,2,Moderate
53,Female,Unemployed,8.5,3.3,7.4,9.3,10,10,6,5,2,8,0,1,0,0,Moderate
61,Male,Self-Employed,7.6,1.9,5.9,5.9,5,10,7,9,9,8,0,1,0,1,Moderate
55,Female,Unemployed,7.7,2.9,4.8,10.5,2,7,3,4,4,8,0,0,0,1,Low
41,Male,Employed,7.5,0.0,5.8,5.2,2,8,4,5,7,10,0,0,0,0,Moderate
40,Female,Unemployed,6.7,3.0,10.8,5.0,3,9,6,9,4,6,1,1,0,1,Low
27,Female,Self-Employed,5.9,0.3,4.7,4.8,7,2,9,4,3,1,0,1,1,1,Low
45,Female,Employed,7.5,2.0,4.6,10.4,1,1,9,10,7,9,0,0,1,1,Low
22,Male,Employed,6.5,5.3,0.9,7.9,7,10,8,2,3,1,1,0,0,1,Low
61,Male,Employed,9.7,3.6,5.9,8.3,9,6,3,5,2,7,1,0,1,0,High
57,Female,Self-Employed,9.1,0.0,8.0,8.0,2,8,5,5,6,8,0,0,1,0,Moderate
21,Female,Employed,8.0,5.1,8.5,5.2,10,6,6,4,2,2,1,0,0,0,Low
54,Female,Unemployed,7.6,3.0,6.3,6.3,10,6,10,10,2,8,0,0,1,2,Moderate
21,Male,Unemployed,6.9,1.6,8.9,6.4,3,1,4,5,8,9,0,0,1,1,High
51,Male,Retired,5.0,4.9,8.2,4.5,2,3,10,9,6,7,0,0,1,1,Low
20,Female,Student,6.7,2.6,9.3,6.7,4,1,8,3,6,4,0,0,1,1,Moderate
39,Male,Employed,7.2,0.1,9.0,5.3,3,5,7,4,2,3,1,1,0,1,Moderate
48,Male,Unemployed,7.4,7.6,10.7,9.4,3,1,8,5,2,8,0,0,0,0,Moderate
51,Female,Self-Employed,7.8,3.0,5.5,9.7,10,9,8,6,4,2,1,0,1,0,Low
36,Male,Self-Employed,8.5,2.8,2.0,4.8,2,3,7,3,4,7,0,0,0,1,Low
61,Female,Employed,5.9,2.0,8.0,7.3,4,8,7,4,5,2,1,0,0,0,Low
53,Male,Employed,5.9,5.9,8.3,12.6,8,1,4,7,2,4,0,0,0,2,Moderate
26,Female,Student,9.3,1.7,10.7,5.5,1,1,5,3,9,6,1,1,0,0,High
48,Female,Retired,8.2,0.0,9.8,9.1,1,5,6,8,4,2,0,0,0,1,Low
51,Female,Student,6.4,1.3,11.8,8.3,4,8,9,5,9,8,1,0,1,0,Moderate
32,Male,Employed,6.8,6.3,7.9,10.7,10,9,7,10,5,7,1,1,0,1,Moderate
52,Female,Unemployed,6.8,5.1,6.7,8.7,9,6,10,3,5,1,1,1,0,2,Low
60,Female,Employed,7.1,2.4,1.8,6.9,10,7,7,9,2,9,0,0,0,0,Low
56,Male,Student,7.8,6.4,6.9,8.2,9,7,5,5,7,8,1,0,0,0,High
53,Male,Student,11.1,4.9,4.3,8.2,2,7,6,1,1,9,1,0,1,1,Moderate
47,Male,Self-Employed,7.3,2.3,6.6,7.8,5,8,7,8,8,7,1,0,1,0,Moderate
29,Female,Employed,8.1,2.6,6.2,4.7,6,1,9,3,9,7,1,0,1,0,High
54,Female,Student,4.3,3.8,7.4,11.1,2,5,3,2,4,4,1,0,0,1,Low
33,Female,Employed,6.2,0.9,5.7,10.7,10,9,3,6,9,3,1,0,1,0,High
42,Female,Student,9.0,3.0,8.8,5.4,7,5,3,8,7,3,0,0,0,0,Moderate
31,Female,Self-Employed,7.6,3.8,0.0,7.2,9,2,1,3,1,4,0,1,0,0,Moderate
31,Male,Employed,2.0,0.0,6.6,7.4,3,7,7,7,3,3,0,0,0,1,Low
23,Male,Student,8.1,2.5,9.6,5.1,8,4,10,1,7,8,1,0,0,2,High
63,Female,Student,10.1,2.2,11.6,3.3,2,6,7,2,8,6,1,1,0,0,Moderate
23,Male,Employed,3.8,5.6,8.2,6.3,1,6,1,8,1,5,0,0,0,0,Low
20,Female,Employed,9.4,0.0,11.1,7.1,7,7,4,1,7,8,0,0,0,1,High
61,Female,Unemployed,2.6,2.0,6.5,4.4,1,10,10,4,9,8,0,0,1,1,Moderate
43,Male,Employed,8.5,1.8,6.0,8.4,3,7,1,6,1,10,0,0,0,0,Moderate
37,Female,Employed,7.0,5.4,7.6,10.9,8,10,7,1,9,4,1,0,0,1,Moderate
52,Male,Student,3.2,2.9,6.0,10.1,5,1,5,10,6,3,1,0,1,1,Moderate
34,Other,Student,7.7,7.5,3.7,7.7,4,8,10,6,7,1,0,0,0,0,Low
22,Female,Self-Employed,8.8,4.7,4.5,3.4,3,5,6,4,1,2,0,0,0,0,Low
51,Female,Student,7.6,2.0,2.7,9.8,7,8,6,10,7,7,0,0,0,1,Low
24,Male,Retired,7.9,3.6,7.6,8.4,10,1,8,6,5,9,1,1,0,0,High
43,Male,Employed,6.3,2.1,6.0,9.1,8,6,9,7,4,7,1,1,0,0,Moderate
62,Male,Student,4.0,5.1,4.9,12.8,4,1,6,1,8,10,0,0,1,1,High
61,Male,Student,8.1,0.0,4.3,5.9,5,7,8,2,3,7,0,0,0,0,Low
33,Male,Student,9.8,0.9,7.5,0.8,2,3,9,1,1,9,1,1,0,0,Moderate
54,Male,Unemployed,8.8,4.1,8.3,5.4,2,2,6,6,5,3,1,0,0,0,Low
46,Other,Employed,3.8,6.1,2.6,9.2,3,1,8,9,8,4,1,0,0,2,Moderate
39,Male,Employed,4.6,0.0,2.1,8.1,4,3,4,10,2,9,0,1,0,1,Moderate
22,Male,Employed,5.6,6.4,8.9,5.0,10,10,4,6,10,7,1,0,1,0,High
34,Female,Employed,4.5,2.6,1.9,4.5,9,10,1,1,7,5,1,0,0,0,High
47,Female,Self-Employed,7.1,0.0,7.6,7.1,2,1,7,7,10,10,1,0,0,2,High
64,Female,Retired,7.6,0.0,10.9,4.9,4,10,3,7,5,8,0,0,0,1,Moderate
16,Female,Employed,4.7,0.0,10.9,9.3,1,6,9,6,2,3,0,0,0,1,Low
51,Female,Unemployed,8.2,3.0,8.2,7.0,1,4,10,8,2,7,0,0,0,0,Low
57,Female,Unemployed,8.0,2.8,8.1,6.4,4,10,9,6,6,4,1,0,0,0,Low
62,Female,Employed,6.1,4.6,12.8,6.1,10,3,3,8,6,5,1,0,0,0,High
36,Female,Employed,6.7,1.6,0.0,8.7,2,2,7,5,8,9,0,1,0,1,Moderate
21,Male,Student,3.9,0.2,4.6,8.1,7,3,8,2,8,7,1,0,0,2,High
29,Male,Unemployed,6.5,2.0,8.5,8.5,4,2,6,1,8,1,1,0,1,0,Moderate
57,Male,Retired,7.0,3.1,5.0,8.5,6,5,6,10,6,6,0,0,0,1,Low
59,Male,Student,7.3,3.6,9.7,7.8,9,2,5,5,1,7,1,0,0,2,High
47,Female,Unemployed,7.6,1.0,5.9,5.4,9,3,4,4,6,6,1,0,0,2,High
22,Male,Self-Employed,7.4,5.3,6.4,6.2,9,4,6,3,9,3,0,0,0,1,Moderate
21,Male,Student,6.6,1.4,5.2,7.0,5,7,10,1,9,7,1,0,0,0,Moderate
39,Male,Employed,7.5,0.8,4.4,13.2,1,9,3,10,9,10,0,0,0,2,Low
44,Female,Self-Employed,8.6,1.6,4.4,4.6,10,1,1,1,1,1,1,0,1,0,Moderate
17,Male,Retired,6.8,5.7,6.8,7.0,10,7,1,3,5,7,1,0,0,0,High
49,Female,Student,7.5,2.7,3.7,8.2,9,2,6,5,7,10,1,0,0,0,High
42,Female,Employed,6.7,1.3,8.9,7.2,5,10,3,4,3,5,1,0,0,1,Low
16,Male,Employed,6.0,5.3,8.0,10.7,3,3,5,1,5,4,0,1,1,0,Moderate
20,Female,Student,7.8,8.4,9.3,7.2,2,9,10,4,1,3,0,0,0,1,Low
38,Male,Employed,6.1,3.5,2.6,7.4,4,8,1,8,2,3,1,0,1,2,Low
51,Male,Student,7.6,6.1,0.9,10.0,4,4,2,3,1,4,0,0,0,1,Low
56,Female,Student,7.0,5.6,6.0,12.5,3,4,3,9,10,8,1,0,0,2,High
37,Female,Employed,6.5,1.5,14.7,11.5,10,4,5,4,9,2,0,0,1,2,High
30,Male,Employed,6.5,3.1,9.8,7.7,7,5,7,1,5,3,0,0,0,1,Moderate
63,Female,Employed,6.2,0.0,4.3,7.9,3,5,2,2,1,10,0,0,0,1,Moderate
38,Male,Unemployed,4.4,2.5,7.3,8.1,7,7,2,9,4,10,1,1,0,2,High
31,Female,Employed,7.6,1.4,8.2,8.4,8,5,1,5,5,3,0,1,1,1,High
37,Female,Student,7.4,2.0,1.9,5.9,6,8,9,10,2,5,1,0,1,0,Low
16,Female,Student,8.4,1.1,10.1,10.3,10,5,1,8,7,5,0,0,0,2,High
30,Female,Student,6.1,2.3,5.5,8.5,10,4,7,1,10,3,1,0,1,1,High
41,Male,Employed,10.0,4.3,5.7,7.9,5,4,6,4,9,2,1,0,0,2,Moderate
61,Female,Student,6.4,2.7,6.1,4.8,5,8,2,8,9,1,1,0,0,0,Low
52,Female,Student,5.6,0.0,9.4,8.2,3,2,6,1,9,7,0,0,1,0,High
54,Female,Student,5.4,1.1,3.7,3.3,8,3,3,10,1,1,0,0,1,1,Low
42,Male,Employed,4.2,0.0,0.9,6.5,10,4,6,2,6,7,0,0,0,1,High
21,Male,Employed,9.5,3.6,7.0,6.6,7,7,2,8,6,1,1,0,1,0,Moderate
35,Male,Self-Employed,9.2,4.3,0.0,8.7,3,2,7,9,2,2,0,0,0,2,Low
64,Male,Unemployed,8.0,3.6,5.1,12.7,6,5,8,6,2,1,1,1,1,1,Low
18,Male,Employed,5.6,1.0,9.6,9.4,8,7,1,9,6,4,1,0,0,0,High
59,Male,Student,9.9,3.6,7.7,11.6,1,10,6,9,8,4,0,0,0,1,Low
49,Female,Employed,6.4,1.8,9.1,9.6,6,5,7,8,3,4,1,0,1,0,Moderate
29,Male,Student,6.6,0.2,7.9,10.8,7,10,1,8,5,4,1,0,0,1,Moderate
54,Female,Employed,9.3,4.9,13.2,12.6,6,7,8,4,1,10,0,0,0,0,Moderate
57,Female,Employed,8.1,5.0,4.2,6.2,7,8,6,3,2,5,1,0,1,0,Low
18,Female,Employed,10.5,5.4,7.2,6.0,9,3,4,9,6,9,1,0,0,2,High
21,Male,Student,7.4,1.5,4.7,9.7,2,10,5,3,6,3,0,0,0,0,Low
48,Female,Employed,6.4,5.9,8.9,8.0,6,3,7,5,8,5,0,0,0,1,Moderate
64,Female,Unemployed,6.0,1.8,5.8,8.6,8,2,7,6,10,1,1,0,0,1,Moderate
17,Female,Unemployed,4.0,4.6,11.2,7.4,9,1,8,4,2,3,0,0,0,0,Moderate
48,Female,Employed,6.6,1.7,4.4,6.5,5,7,1,4,4,1,1,0,0,2,Low
22,Female,Employed,8.8,2.4,10.2,12.1,10,7,8,6,9,1,1,1,1,0,Moderate
47,Female,Student,8.0,0.0,7.8,5.3,4,2,1,4,1,2,1,0,0,1,Low
46,Female,Employed,7.0,2.2,5.9,9.7,5,9,7,10,9,2,0,1,1,1,Low
20,Male,Employed,5.4,3.2,7.6,9.3,9,3,4,2,10,4,0,0,1,1,High
49,Female,Student,7.4,2.0,6.8,4.1,5,7,1,4,1,8,1,0,0,0,Moderate
59,Female,Employed,8.6,7.4,7.1,5.9,4,6,7,9,2,2,0,0,1,1,Low
58,Female,Self-Employed,7.7,0.1,5.4,6.3,6,6,6,5,7,7,0,0,0,2,High
17,Female,Employed,7.3,1.6,3.9,9.4,7,8,7,8,5,4,0,0,0,1,Low
28,Male,Employed,5.7,0.7,5.0,7.1,10,10,4,7,10,5,0,0,1,1,High
27,Other,Employed,8.4,1.6,1.0,7.8,7,8,3,4,6,10,0,0,1,0,Moderate
38,Male,Employed,2.0,5.6,8.5,4.4,2,10,7,8,7,5,0,0,0,0,Low
23,Male,Employed,7.6,6.7,2.3,13.8,1,9,3,3,3,3,1,1,0,1,Low
57,Male,Student,11.1,1.2,5.3,8.2,10,4,9,8,4,3,1,0,0,0,Moderate
54,Male,Employed,4.6,1.2,7.9,9.2,5,6,7,2,2,2,1,0,1,1,Low
55,Male,Employed,6.6,0.1,8.5,6.6,3,2,10,7,2,9,1,0,0,0,Low
25,Male,Student,7.0,6.3,0.7,6.4,3,10,1,2,2,7,0,1,0,0,Low
16,Female,Unemployed,6.3,5.8,5.7,12.8,2,10,6,9,9,3,0,1,0,0,Low
60,Female,Student,8.7,2.7,7.4,3.2,2,9,6,7,1,5,1,0,0,0,Low
30,Male,Employed,7.8,0.0,6.2,8.7,8,8,9,1,6,6,0,0,0,1,Moderate
48,Female,Employed,7.2,0.0,10.0,5.0,7,9,5,2,6,1,0,0,0,1,Moderate
60,Male,Employed,8.3,3.4,3.5,7.0,6,8,10,2,1,10,0,0,0,0,Low
17,Female,Employed,7.0,4.4,0.0,6.4,1,3,3,10,9,8,1,1,0,0,Moderate
16,Male,Retired,12.0,0.0,8.4,5.5,7,3,9,6,6,6,0,0,0,0,Moderate
16,Female,Employed,7.2,2.2,4.4,8.1,10,6,6,3,2,8,0,1,0,1,High
23,Male,Employed,7.3,7.0,0.7,1.6,10,5,10,3,2,2,0,0,0,0,Low
18,Female,Employed,4.3,2.5,5.5,7.2,4,8,3,1,8,10,1,1,1,1,High
56,Male,Student,6.1,6.7,9.7,7.8,7,8,3,3,7,7,0,0,0,1,Moderate
45,Female,Student,8.8,4.6,2.2,4.6,3,10,6,9,5,10,1,0,0,0,Low
64,Male,Employed,4.9,0.3,13.0,11.8,9,8,6,6,5,9,0,0,0,0,High
55,Female,Student,3.5,2.3,3.5,6.5,10,1,2,4,1,6,0,0,0,0,High
63,Female,Employed,7.1,2.7,6.3,7.4,3,4,7,1,1,3,0,1,1,0,Low
27,Female,Employed,9.2,0.6,2.3,6.5,5,4,5,4,6,7,0,0,1,0,Moderate
30,Female,Employed,7.1,0.6,6.1,7.8,3,7,2,4,4,6,0,1,0,2,Moderate
57,Other,Student,6.5,6.8,5.6,11.3,7,4,6,2,3,5,1,0,0,0,Low
27,Male,Unemployed,4.0,0.6,1.5,14.2,3,10,7,7,4,8,0,0,0,0,Low
18,Male,Employed,7.7,5.7,14.5,9.9,7,3,1,7,7,9,1,0,0,1,High
48,Male,Employed,8.1,1.9,4.5,10.7,10,5,10,10,3,2,0,0,0,2,Low
55,Male,Student,4.1,2.9,4.5,12.3,9,9,7,4,4,6,0,1,1,1,High
63,Female,Employed,8.8,4.4,8.9,8.6,2,4,3,3,3,8,1,0,0,1,Moderate
61,Other,Student,8.2,1.5,11.4,11.9,2,1,8,9,7,4,1,0,1,0,Low
21,Other,Employed,8.8,4.4,9.4,10.0,9,4,9,4,1,4,0,0,0,1,Low
53,Female,Employed,7.9,0.0,2.4,8.4,1,4,10,7,10,1,0,0,0,1,Low
57,Female,Self-Employed,8.0,4.1,6.6,8.9,5,7,8,8,6,4,1,1,0,1,Low
50,Female,Employed,7.8,0.0,0.4,3.4,10,8,3,9,3,6,0,1,0,0,Moderate
56,Female,Employed,8.4,2.4,8.7,8.7,5,6,2,4,8,10,1,0,1,0,High
57,Male,Student,4.1,5.1,1.1,4.1,1,5,3,7,10,6,1,0,0,1,Moderate
37,Female,Employed,4.6,4.6,3.6,3.9,10,6,9,2,1,3,0,0,0,0,Low
17,Female,Employed,5.8,0.0,6.0,8.5,8,2,4,8,3,9,1,1,1,1,High
38,Male,Employed,6.8,0.1,7.3,5.2,4,2,4,1,2,2,0,0,0,0,Low
25,Male,Student,7.6,1.3,5.2,8.0,7,7,9,7,1,2,1,1,0,1,Low
21,Other,Student,7.5,3.5,10.6,8.3,7,9,3,3,8,6,1,1,0,0,High
22,Other,Student,8.8,0.0,8.2,8.5,6,6,5,5,2,9,1,0,0,2,Moderate
50,Female,Retired,8.8,3.0,7.9,5.7,10,1,3,1,4,3,1,1,1,1,High
40,Female,Employed,5.6,3.8,2.3,10.2,8,10,4,7,9,1,1,0,0,1,Low
42,Male,Student,7.4,2.3,11.1,7.8,3,4,6,5,7,8,0,0,1,0,High
52,Male,Retired,5.6,4.3,3.6,9.1,10,8,8,7,7,6,0,0,0,1,Moderate
42,Female,Student,6.7,3.6,11.2,5.0,10,9,3,4,1,7,0,0,0,0,Moderate
46,Female,Employed,7.5,1.6,12.1,7.6,1,10,1,1,10,4,0,0,1,0,Moderate
20,Female,Employed,2.0,0.0,7.5,10.7,3,2,7,6,1,2,1,0,1,0,Low
57,Female,Self-Employed,10.9,3.3,9.1,10.4,7,2,6,7,8,4,0,1,0,0,High
37,Male,Employed,7.9,0.6,0.0,6.0,9,7,7,7,7,5,1,1,0,1,Moderate
23,Female,Employed,6.0,1.6,5.4,6.6,8,8,5,3,5,5,0,0,0,0,Moderate
55,Male,Retired,10.1,4.2,9.3,5.5,6,9,8,8,9,9,0,0,1,1,Moderate
51,Male,Student,6.4,6.5,8.8,6.4,4,6,7,6,9,3,0,0,0,2,Low
18,Male,Retired,7.2,2.9,2.3,4.5,1,2,8,3,1,4,1,0,0,1,Low
25,Male,Unemployed,6.2,4.4,5.1,7.7,9,8,8,2,10,2,0,0,0,0,Low
16,Female,Self-Employed,9.6,0.0,0.0,9.6,6,7,5,4,3,6,0,0,1,1,Moderate
29,Male,Student,6.8,3.6,7.2,6.0,5,5,4,1,8,9,0,0,0,1,High
20,Male,Student,7.2,2.9,0.4,7.8,10,7,6,8,9,9,1,0,0,0,High
50,Female,Employed,8.9,6.1,9.4,7.4,2,3,7,1,6,3,0,1,0,0,Low
41,Female,Employed,7.9,1.6,9.5,10.6,3,9,6,1,9,5,1,0,0,0,Moderate
64,Male,Employed,6.9,2.4,4.6,6.5,9,1,6,2,9,8,0,1,0,0,High
52,Male,Self-Employed,8.8,5.6,7.6,6.6,3,9,4,4,6,1,0,1,0,0,Low
45,Male,Employed,11.1,2.8,5.3,5.9,10,9,2,1,2,8,1,0,0,0,High
40,Female,Employed,7.5,0.2,6.7,5.2,9,7,5,7,5,2,1,0,1,1,Moderate
18,Male,Employed,7.2,9.4,2.6,9.3,1,9,9,2,10,1,1,1,0,1,Low
19,Male,Student,7.3,0.3,7.9,7.7,5,10,8,9,3,2,0,0,0,0,Low
46,Male,Student,9.1,2.8,1.1,8.1,8,2,8,6,10,9,1,0,0,2,High
16,Female,Student,6.0,3.9,0.5,11.2,5,6,8,1,2,7,1,0,0,0,Low
18,Male,Unemployed,6.6,3.7,5.6,11.3,3,7,10,5,7,8,1,0,0,0,Low
26,Female,Employed,4.5,2.5,5.4,3.9,1,10,3,2,7,7,0,0,1,0,Moderate
59,Male,Employed,5.1,2.5,6.8,9.6,1,8,8,10,2,8,0,0,0,0,Low
38,Female,Employed,6.2,2.4,4.1,8.6,2,6,1,6,5,5,0,1,0,1,Moderate
50,Male,Employed,6.9,0.2,11.7,6.8,3,6,3,9,2,9,1,0,0,0,Low
36,Male,Unemployed,9.8,8.4,6.5,8.8,4,2,1,4,4,1,1,1,1,2,Moderate
24,Male,Self-Employed,7.9,2.5,6.7,3.7,9,4,5,2,10,6,0,1,0,2,High
34,Female,Employed,5.5,4.5,6.6,11.7,6,5,2,3,1,8,0,0,0,0,Moderate
20,Female,Unemployed,5.8,2.2,9.0,9.3,2,9,4,5,9,10,0,1,0,1,Moderate
53,Male,Employed,9.2,2.1,7.7,5.8,1,9,2,8,7,4,0,0,1,1,Low
24,Male,Employed,8.8,1.9,7.3,6.5,2,7,1,5,8,2,1,0,1,1,Moderate
34,Female,Self-Employed,7.0,0.0,8.2,3.7,4,2,5,10,3,8,0,1,0,0,Moderate
64,Female,Employed,6.3,2.6,0.5,7.2,8,8,5,4,10,1,0,1,1,1,Moderate
45,Male,Employed,8.8,2.0,0.6,6.8,1,5,5,3,3,8,0,0,1,0,Low
38,Male,Employed,5.4,5.9,5.8,4.7,5,7,4,5,6,8,0,1,0,0,Moderate
42,Female,Employed,7.6,0.0,5.4,9.9,5,5,5,2,1,7,1,0,0,2,Moderate
54,Female,Employed,10.6,1.6,7.7,11.2,2,8,1,7,9,3,0,1,0,0,Low
28,Female,Employed,7.3,0.8,6.1,7.9,1,3,5,2,8,2,1,0,0,0,Moderate
47,Female,Employed,5.8,6.6,7.7,7.2,3,2,9,7,2,7,1,0,1,0,Low
58,Female,Student,7.7,0.8,2.3,9.1,2,3,2,4,7,4,1,1,0,2,High
44,Male,Self-Employed,6.2,4.4,6.0,8.0,8,10,2,4,2,4,0,0,0,0,Low
37,Male,Employed,4.8,5.4,2.0,5.3,10,1,8,7,5,2,1,0,0,0,Moderate
23,Male,Self-Employed,8.1,2.6,7.2,6.4,7,3,6,8,6,4,1,1,0,1,Moderate
28,Male,Student,8.8,0.0,0.4,7.3,8,4,3,10,10,9,0,1,0,0,High
62,Male,Employed,6.5,0.0,7.0,8.6,8,9,8,3,4,9,1,0,0,0,Moderate
42,Male,Employed,6.4,5.1,1.6,8.0,9,4,4,9,1,4,0,0,0,1,Low
30,Female,Unemployed,5.5,0.0,4.8,8.5,1,9,7,9,5,2,0,0,1,2,Low
36,Male,Student,6.8,4.0,8.7,4.2,10,10,6,10,10,1,0,0,0,1,Low
44,Male,Self-Employed,6.1,3.3,6.7,9.7,5,7,2,10,8,2,1,0,0,0,Low
42,Female,Employed,5.4,3.9,1.1,8.0,6,4,8,8,1,1,0,0,1,0,Low
50,Female,Employed,10.0,4.2,4.0,14.4,8,6,7,3,1,7,0,0,0,1,Moderate
28,Female,Employed,7.7,0.7,1.5,7.0,5,7,3,7,8,7,0,1,0,0,Moderate
47,Female,Student,7.9,0.6,0.9,8.8,3,2,8,8,8,8,0,1,0,1,Moderate
37,Female,Employed,8.4,4.8,6.4,15.1,1,9,7,3,6,4,0,0,1,1,Low
62,Male,Student,8.2,1.4,7.7,8.5,2,5,9,9,1,9,1,0,0,2,Low
23,Male,Employed,6.3,0.0,7.3,7.8,1,9,9,8,3,2,0,1,0,0,Low
23,Female,Employed,7.4,4.6,7.8,5.5,4,7,4,5,9,3,1,1,0,2,Moderate
38,Male,Employed,6.6,0.4,6.0,11.8,8,9,10,9,2,10,1,0,1,0,Low
40,Male,Student,7.7,4.2,5.2,5.1,4,1,1,1,3,9,1,0,1,1,High
49,Male,Student,7.5,6.5,2.8,9.1,6,1,4,7,5,6,1,0,0,0,Moderate
35,Male,Student,6.4,3.0,4.7,6.8,2,2,7,8,8,7,0,0,0,1,Low
60,Male,Student,4.9,5.5,2.0,7.5,6,9,6,1,9,8,1,0,0,0,Moderate
39,Male,Employed,7.2,3.4,3.5,4.4,10,10,3,5,6,9,0,0,0,0,High
22,Female,Student,6.7,7.0,6.3,11.4,4,10,2,6,5,3,0,1,0,0,Low
21,Female,Self-Employed,4.0,0.3,5.6,7.3,5,4,8,3,4,1,0,1,1,0,Moderate
63,Male,Student,7.8,3.0,15.2,5.0,10,3,9,9,1,2,1,0,0,2,Low
22,Female,Student,8.5,4.7,2.0,11.1,7,4,7,7,3,4,1,0,1,1,Low
62,Male,Self-Employed,11.0,2.5,5.6,6.7,4,9,6,3,3,3,0,0,0,1,Low
29,Female,Student,6.4,5.9,1.7,8.8,2,3,8,5,1,6,1,0,1,1,Low
20,Female,Employed,6.1,1.9,4.8,10.1,10,6,3,2,8,2,0,0,0,0,High
30,Male,Retired,5.2,8.2,5.0,9.2,7,7,10,1,4,6,0,1,0,0,Moderate
46,Female,Self-Employed,7.3,8.3,8.5,2.5,1,4,2,8,6,8,0,0,1,0,Low
36,Other,Employed,7.3,3.7,4.7,9.7,6,5,6,10,3,1,1,1,0,1,Low
54,Female,Student,5.7,4.4,5.4,7.7,10,7,4,3,6,3,0,0,1,1,High
45,Other,Employed,6.7,6.0,4.7,7.2,10,8,10,3,2,6,0,0,1,0,Low
35,Female,Retired,3.8,0.0,1.8,7.7,2,2,3,7,7,1,0,1,1,0,Moderate
47,Male,Self-Employed,8.5,0.0,4.0,4.0,5,6,7,6,8,7,1,1,1,0,Moderate
63,Female,Student,5.8,6.1,4.9,8.5,10,2,2,2,4,8,1,0,0,1,High
36,Female,Employed,6.9,3.7,6.2,4.6,8,1,2,7,3,4,0,1,0,0,Moderate
23,Female,Employed,4.7,2.4,7.7,7.3,6,7,5,3,8,1,1,0,0,0,Moderate
36,Male,Student,6.1,3.0,5.3,8.4,4,5,8,2,3,6,1,1,0,0,Low
57,Female,Employed,6.6,0.0,5.2,10.7,8,3,3,5,2,9,0,0,0,0,High
26,Male,Student,7.0,2.5,0.8,6.0,6,1,7,8,4,3,0,0,0,1,Low
62,Female,Employed,7.8,1.1,7.6,11.6,6,10,6,6,10,9,1,0,0,2,High
44,Male,Student,9.3,5.3,3.9,10.4,10,9,10,7,5,9,0,1,0,0,Moderate
45,Female,Employed,8.2,5.5,8.2,6.9,4,10,4,3,3,3,0,1,0,0,Low
31,Female,Student,8.5,4.4,9.9,5.2,7,2,3,5,6,6,1,0,1,0,High
61,Male,Employed,9.3,4.0,5.4,4.4,1,1,10,8,4,1,1,1,1,1,Low
17,Female,Student,7.9,0.0,2.9,8.7,8,3,4,6,7,6,1,0,0,1,High
30,Male,Retired,6.9,4.5,5.9,6.2,6,2,3,3,5,9,1,0,0,1,High
36,Other,Student,8.6,4.6,7.0,11.0,9,5,9,10,6,10,0,0,1,1,Moderate
39,Female,Employed,8.7,6.1,5.1,6.3,4,7,9,1,5,2,1,0,0,2,Low
39,Male,Student,8.0,8.3,4.3,5.7,10,2,1,10,5,7,0,0,0,0,Moderate
23,Male,Student,4.7,0.0,7.7,8.6,6,4,9,8,5,1,1,0,1,0,Low
27,Male,Student,5.7,2.0,7.5,6.3,3,6,7,2,4,3,0,0,0,0,Low
20,Male,Student,6.6,1.1,5.0,8.0,2,4,3,3,10,9,0,0,0,1,High
44,Female,Student,8.2,3.4,1.0,10.5,2,5,6,4,3,7,0,0,0,0,Low
33,Female,Employed,7.0,3.0,7.4,8.3,4,6,3,10,9,4,1,0,0,2,Moderate
43,Male,Employed,8.8,2.4,3.7,8.3,6,10,2,6,8,10,0,0,0,1,Moderate
44,Female,Student,9.1,5.6,6.6,8.5,9,4,2,3,6,8,1,0,0,2,High
50,Male,Employed,8.9,0.2,6.5,3.8,10,1,2,10,4,1,0,0,1,2,High
42,Female,Employed,8.9,0.4,0.3,9.0,7,9,6,2,5,1,0,1,1,1,Moderate
47,Male,Student,5.3,0.4,6.2,8.4,5,6,9,9,9,7,1,1,0,2,Moderate
44,Female,Employed,7.8,2.1,7.5,10.2,7,5,5,9,2,9,0,0,0,1,Moderate
47,Female,Student,6.0,0.0,7.9,9.5,4,8,1,4,6,2,1,1,0,0,Moderate
46,Male,Student,4.4,2.9,6.4,7.5,3,10,5,1,8,6,1,0,0,1,Moderate
31,Female,Employed,6.5,2.6,0.1,10.6,6,2,8,9,7,9,1,1,0,2,High
28,Other,Retired,9.1,1.0,9.8,7.3,9,9,9,10,2,9,0,0,0,1,Low
54,Male,Retired,7.7,5.2,7.2,8.6,1,7,8,4,6,7,0,0,0,1,Low
32,Male,Retired,10.2,2.9,2.4,7.2,2,6,4,2,2,10,1,0,0,0,Moderate
42,Female,Employed,7.3,5.7,3.6,9.2,2,9,7,3,10,10,1,1,0,1,Moderate
25,Male,Student,10.9,2.5,6.7,7.1,3,4,1,2,4,9,1,0,0,0,High
37,Male,Employed,7.3,2.9,8.0,12.1,2,8,5,7,5,7,0,0,1,1,Low
41,Male,Student,7.0,1.6,4.5,13.0,2,6,6,6,9,10,1,0,0,1,Moderate
46,Female,Student,5.0,3.0,8.5,10.2,1,10,1,4,5,1,0,1,1,1,Low
41,Male,Student,8.8,4.8,0.6,11.9,4,5,1,7,2,1,1,0,0,0,Low
33,Male,Employed,6.2,2.0,2.9,4.2,8,8,9,7,9,6,1,0,0,1,Moderate
63,Female,Employed,6.0,4.3,0.0,4.4,2,5,3,1,7,7,1,0,1,0,Moderate
41,Female,Student,9.0,1.0,3.3,7.2,4,4,2,5,7,10,0,1,0,0,High
55,Female,Employed,8.9,4.9,10.5,8.1,10,4,6,9,1,7,1,0,0,0,Moderate
52,Male,Employed,8.8,1.6,12.2,7.5,2,10,3,8,5,3,0,0,1,1,Low
43,Female,Self-Employed,6.4,5.1,6.7,3.9,10,9,10,9,5,10,0,0,0,0,Moderate
59,Female,Student,6.9,3.2,4.1,10.9,6,3,10,10,3,1,1,0,1,0,Low
22,Male,Employed,6.9,6.8,5.3,13.4,8,9,9,1,6,1,0,0,0,2,Low
61,Female,Student,8.3,0.1,7.4,11.2,4,6,4,3,3,8,0,0,1,1,High
57,Female,Employed,9.5,0.0,1.3,10.7,4,2,9,5,5,10,1,0,0,2,Moderate
40,Male,Student,7.6,1.5,4.3,8.6,4,8,3,6,9,6,1,0,0,1,Moderate
51,Male,Student,10.2,0.0,10.3,5.9,2,2,3,8,8,2,1,0,1,0,Moderate
41,Female,Employed,8.4,0.0,2.9,8.2,4,9,10,8,3,1,0,0,0,1,Low
29,Male,Student,6.6,4.6,3.8,13.3,9,5,7,8,3,10,1,1,0,0,Moderate
55,Male,Student,8.3,3.0,6.0,7.1,1,10,1,2,1,3,0,0,1,2,Low
28,Male,Self-Employed,9.7,1.8,6.8,6.9,6,5,9,7,4,7,0,0,1,0,Moderate
31,Male,Student,10.2,2.0,4.1,10.8,7,1,2,8,1,4,0,0,0,1,Moderate
41,Male,Employed,8.9,1.5,6.2,10.9,2,8,7,8,2,3,1,1,0,1,Low
57,Female,Employed,7.0,7.1,7.8,5.9,2,8,5,6,10,7,0,1,1,1,Moderate
34,Male,Student,6.7,1.2,11.9,7.3,6,4,1,1,9,8,0,1,0,0,High
40,Male,Employed,7.9,0.0,5.6,6.7,3,3,8,2,6,5,1,0,0,1,Moderate
18,Female,Student,9.7,5.0,5.9,8.2,10,9,7,8,8,6,1,0,0,0,Moderate
21,Male,Employed,7.7,2.5,10.6,10.8,2,8,9,9,5,5,1,0,0,1,Low
18,Female,Student,7.7,8.1,4.4,6.0,2,3,7,9,7,6,1,1,1,0,Low
19,Male,Student,7.1,1.7,2.0,10.7,4,8,8,5,10,9,1,0,0,0,Moderate
58,Male,Employed,6.5,5.1,6.8,8.3,4,3,10,6,1,8,1,0,1,1,Low
57,Male,Self-Employed,6.7,5.7,9.2,13.8,2,2,10,2,4,3,0,0,0,1,Low
56,Male,Unemployed,7.2,1.7,7.1,8.8,7,7,6,6,2,3,1,1,0,1,Low
18,Male,Self-Employed,9.7,1.1,5.7,7.8,4,9,1,2,8,7,1,0,0,1,High
19,Female,Employed,6.6,4.9,1.7,9.4,6,10,4,8,9,7,1,1,1,0,Moderate
29,Male,Employed,7.1,4.4,5.8,7.2,3,5,7,8,8,4,0,0,0,1,Low
43,Female,Employed,5.6,0.0,9.7,3.5,1,2,2,1,7,9,1,1,0,0,High
32,Female,Self-Employed,8.1,0.2,2.3,7.4,1,6,2,10,5,5,1,0,0,1,Low
39,Male,Employed,9.2,0.0,5.3,7.4,1,7,4,8,1,4,0,0,0,0,Low
24,Female,Employed,9.6,4.5,4.8,4.0,9,10,10,4,8,6,1,1,0,0,Moderate
51,Male,Employed,7.3,2.3,3.9,7.8,3,2,4,5,9,2,1,0,0,1,Moderate
31,Male,Employed,7.9,2.6,6.7,2.8,4,7,10,1,10,7,1,0,0,2,Moderate
19,Male,Student,6.8,0.0,7.3,7.1,6,6,9,10,4,9,1,0,0,2,Moderate
52,Female,Employed,7.8,0.3,7.3,8.6,1,6,4,2,3,10,0,0,0,1,Moderate
60,Female,Employed,7.5,1.8,3.1,8.2,7,1,3,10,7,5,1,0,1,0,Moderate
16,Male,Unemployed,7.1,1.3,1.1,7.0,6,1,9,7,1,3,0,0,1,0,Low
37,Female,Employed,7.2,3.3,6.8,7.8,8,7,8,10,1,5,1,0,1,0,Low
56,Female,Unemployed,7.7,4.5,4.5,6.0,2,2,7,4,9,2,1,0,0,1,Low
50,Male,Employed,6.5,8.7,11.5,8.0,1,7,10,9,10,7,1,0,0,0,Low
57,Female,Unemployed,6.6,2.9,11.7,8.1,8,1,2,5,5,5,1,0,0,2,High
36,Female,Student,9.7,5.8,12.0,5.7,4,9,4,4,6,2,1,0,0,0,Low
34,Female,Self-Employed,11.3,0.9,3.2,8.7,1,4,7,4,6,6,0,0,0,0,Low
50,Other,Employed,5.1,0.0,7.7,8.7,6,5,1,10,2,8,0,1,1,1,High
23,Male,Student,5.0,2.1,8.6,7.6,5,4,10,5,3,3,0,1,0,0,Low
27,Male,Student,5.5,0.0,8.3,14.1,10,5,6,5,3,5,1,0,0,0,High
45,Female,Student,6.8,3.0,4.9,7.6,10,6,4,7,9,9,1,1,0,1,High
48,Male,Employed,8.4,1.0,9.8,7.3,6,7,3,6,5,8,1,0,0,2,High
21,Male,Employed,7.9,0.0,6.0,6.9,2,7,1,6,8,8,0,0,0,0,Moderate
40,Other,Self-Employed,7.3,7.3,6.4,5.6,8,10,6,4,2,5,1,0,0,0,Low
33,Male,Employed,7.8,1.7,1.4,9.7,3,2,10,2,10,5,0,0,0,0,Moderate
40,Male,Employed,5.9,0.0,7.9,6.3,9,9,1,10,9,5,1,0,1,1,High
62,Female,Employed,6.6,5.2,5.2,6.6,7,7,5,5,5,5,1,0,0,0,Moderate
19,Male,Unemployed,7.0,1.2,7.4,6.7,4,4,7,10,3,2,0,0,0,1,Low
64,Male,Unemployed,4.5,5.7,6.7,5.5,10,10,5,5,10,1,1,0,1,1,High
38,Other,Student,5.1,1.2,6.5,3.6,6,8,7,6,9,9,0,0,0,2,High
53,Male,Retired,5.2,1.6,5.9,6.8,4,2,8,6,6,6,0,0,0,1,Moderate
36,Male,Employed,8.2,3.9,8.4,10.2,2,2,10,10,3,6,1,0,0,1,Low
31,Male,Unemployed,7.4,4.5,5.4,8.5,7,7,7,2,7,6,1,1,0,1,High
53,Female,Retired,8.0,4.9,1.6,11.9,3,8,8,6,4,5,0,0,0,0,Low
49,Male,Employed,4.1,2.8,7.7,9.9,2,1,4,2,7,9,0,0,0,0,High
23,Female,Student,4.6,4.3,3.6,9.3,2,7,2,9,9,5,0,0,1,1,Moderate
50,Male,Employed,8.1,4.9,2.0,12.7,7,6,1,6,5,6,0,1,0,0,Moderate
52,Male,Student,2.6,3.5,2.9,7.8,10,10,2,10,1,6,0,0,0,0,Moderate
35,Female,Unemployed,9.0,2.6,6.8,8.2,3,8,9,3,6,2,0,0,0,0,Low
61,Female,Student,4.1,0.0,5.7,8.0,3,10,1,2,9,2,1,1,1,0,Moderate
47,Other,Employed,8.3,4.5,0.0,11.9,7,1,5,7,3,2,0,0,0,0,Low
32,Male,Self-Employed,5.6,3.1,4.8,8.0,2,8,7,2,10,3,0,1,0,1,Low
16,Female,Student,8.7,2.0,9.5,6.4,1,4,7,4,4,2,0,0,0,1,Low
49,Female,Employed,12.0,6.2,4.6,9.5,7,6,1,4,7,3,0,1,0,0,Moderate
26,Male,Employed,3.4,0.0,5.5,6.0,6,9,9,3,8,10,1,0,0,1,High
53,Male,Employed,8.1,7.1,9.1,9.3,1,9,5,2,2,4,0,0,1,0,Low
41,Female,Student,4.1,2.9,8.4,9.0,3,3,1,7,1,8,0,0,0,2,Moderate
38,Male,Student,7.7,3.8,9.1,7.5,2,3,2,8,10,4,1,0,0,1,Moderate
24,Female,Employed,6.7,2.0,0.0,9.4,7,8,9,4,8,9,1,0,1,1,High
50,Other,Employed,7.2,0.0,11.2,4.3,7,9,10,3,7,8,0,1,1,1,High
24,Male,Employed,5.5,2.7,7.9,8.4,8,7,8,2,4,9,0,1,0,1,High
36,Male,Student,8.2,3.8,13.4,6.8,1,1,4,7,2,3,1,1,0,0,Low
56,Male,Employed,4.7,4.7,3.7,15.2,9,2,10,9,3,1,1,0,1,0,Low
61,Male,Employed,9.0,2.5,0.7,8.4,3,8,3,6,6,4,1,1,0,2,Low
64,Male,Student,6.3,0.0,6.0,6.5,10,8,3,5,7,8,0,0,0,2,High
62,Female,Employed,4.8,0.0,5.2,4.6,9,9,8,7,4,7,1,0,0,1,Moderate
43,Male,Employed,9.6,8.1,8.0,11.3,5,6,4,10,3,8,0,0,0,1,Low
25,Female,Employed,6.9,0.3,9.2,7.1,8,5,6,10,3,10,0,0,0,0,Moderate
57,Male,Self-Employed,10.1,6.6,5.7,6.0,7,2,7,2,10,3,1,0,1,1,High
55,Male,Employed,9.0,0.7,5.3,8.8,8,8,2,5,7,5,1,0,0,1,High
64,Male,Employed,5.7,2.5,7.6,9.6,1,10,10,9,10,5,0,0,0,0,Low
47,Female,Student,6.9,4.6,5.2,9.6,1,1,2,7,1,2,0,0,0,2,Low
22,Male,Student,7.2,0.9,5.0,8.0,10,5,10,9,5,7,1,0,0,1,Moderate
40,Male,Student,9.4,7.0,9.1,8.4,8,4,3,10,5,1,0,1,1,2,Low
37,Female,Unemployed,7.7,3.2,9.8,8.6,7,8,5,2,5,9,0,0,1,1,Moderate
57,Female,Unemployed,7.3,4.2,9.3,8.8,4,8,3,7,4,1,0,1,0,0,Low
35,Male,Student,6.7,2.3,5.5,9.1,5,3,6,6,1,2,0,0,1,1,Low
32,Female,Student,6.9,4.6,0.0,10.7,4,10,1,3,1,2,1,1,0,0,Low
19,Male,Employed,9.1,6.9,5.6,8.1,5,2,2,7,8,9,0,1,0,2,High
56,Male,Employed,7.0,2.7,3.7,6.0,7,8,6,2,5,9,0,1,0,0,High
53,Female,Employed,6.4,7.3,5.6,7.6,8,8,7,5,2,10,1,0,1,1,Moderate
18,Male,Employed,6.1,1.5,4.0,9.9,4,2,10,5,4,9,0,0,0,1,Moderate
37,Male,Self-Employed,6.1,4.9,5.9,3.5,9,7,9,4,10,10,1,0,0,0,High
39,Female,Student,4.8,4.2,2.9,3.5,1,3,10,7,5,5,0,0,0,0,Low
38,Male,Employed,5.8,0.3,2.2,10.3,9,3,8,10,10,1,1,1,0,1,High
61,Female,Employed,9.4,3.5,9.7,11.8,7,1,8,10,2,5,1,0,0,0,Low
23,Female,Employed,6.7,3.0,3.1,4.8,6,8,4,8,2,3,1,0,1,2,Low
31,Female,Self-Employed,8.1,0.9,6.0,8.3,4,9,10,4,6,3,0,1,0,0,Low
24,Female,Student,3.0,3.9,8.9,7.0,4,6,10,10,7,7,1,0,0,0,Low
27,Female,Employed,7.9,3.4,8.7,7.3,4,8,6,10,10,2,1,0,0,0,Low
60,Other,Employed,6.7,2.8,8.4,8.8,10,4,2,9,5,4,0,0,0,0,Moderate
62,Male,Self-Employed,6.2,2.8,6.9,4.8,1,6,1,9,3,4,0,0,0,0,Low
18,Male,Employed,7.3,2.8,8.2,5.2,7,8,5,9,6,1,0,0,0,2,Low
46,Female,Employed,6.2,2.1,10.1,7.2,10,5,7,8,4,8,0,0,0,1,High
27,Female,Unemployed,3.6,3.3,7.3,7.6,6,7,6,8,2,8,0,1,0,2,Moderate
25,Male,Unemployed,8.5,1.4,0.5,5.2,7,2,9,7,1,6,1,1,1,0,Low
30,Female,Employed,7.4,9.6,4.4,10.0,6,6,6,7,8,1,1,0,0,0,Low
25,Male,Unemployed,6.5,0.0,8.1,7.0,6,9,7,4,7,8,0,0,1,0,Moderate
40,Female,Student,5.5,1.5,4.1,6.9,7,8,8,9,2,5,1,1,0,1,Low
64,Male,Employed,4.6,1.7,10.9,8.7,10,4,9,7,6,3,1,0,0,0,Moderate
44,Male,Self-Employed,7.4,8.1,5.8,7.7,8,6,7,7,9,10,0,0,0,0,Moderate
51,Male,Employed,9.6,0.0,6.3,10.1,9,7,6,8,9,9,1,0,0,1,High
40,Male,Employed,7.3,4.1,9.4,5.7,6,10,1,1,5,5,1,1,0,0,High
16,Male,Retired,4.8,3.6,5.5,4.5,8,9,7,10,1,5,1,0,0,1,Low
20,Male,Unemployed,7.4,3.8,6.5,7.2,9,9,2,6,7,10,0,0,0,1,High
29,Male,Self-Employed,6.9,6.1,8.7,8.2,3,8,4,10,6,2,0,1,1,1,Low
27,Male,Employed,8.4,6.0,1.6,4.9,9,4,6,2,10,5,1,1,1,0,High
57,Male,Retired,8.0,1.9,5.1,4.5,7,4,1,3,6,6,0,0,0,1,High
57,Male,Student,2.2,3.5,8.5,8.5,5,5,7,10,8,4,0,0,1,0,Moderate
57,Male,Employed,7.9,0.0,6.2,6.1,8,5,3,7,6,4,0,1,1,0,High
47,Male,Employed,5.4,3.2,10.4,4.4,2,10,6,7,6,2,0,0,0,0,Low
43,Male,Unemployed,4.7,1.0,1.3,10.4,7,9,4,5,4,3,0,1,0,0,Low
47,Male,Self-Employed,6.7,2.5,0.9,6.4,6,9,4,6,5,4,1,0,0,1,Low
35,Male,Employed,7.7,0.0,8.3,10.9,9,7,4,6,3,9,0,0,1,1,High
48,Female,Employed,4.4,4.0,8.6,8.1,7,2,1,2,5,4,1,1,1,1,High
54,Other,Employed,8.1,0.0,5.4,8.7,6,2,2,6,10,2,1,0,0,0,High
53,Female,Employed,8.2,3.4,7.2,7.5,6,3,8,6,4,9,0,0,1,0,Moderate
46,Female,Employed,7.1,0.0,8.2,1.4,6,7,2,4,5,4,0,0,0,0,Moderate
18,Female,Student,5.6,0.9,3.6,5.2,9,4,5,4,10,10,0,1,0,2,High
51,Male,Employed,5.4,5.9,3.9,7.7,8,7,2,8,2,2,1,0,0,0,Low
33,Female,Self-Employed,8.6,4.5,6.6,8.9,1,9,6,7,3,1,1,1,0,0,Low
52,Female,Employed,4.6,5.9,8.7,3.5,6,4,7,5,5,10,0,0,0,0,High
42,Female,Unemployed,8.7,6.9,2.5,7.9,3,10,5,7,5,1,1,0,0,1,Low
59,Female,Employed,6.7,1.1,5.4,5.2,2,6,8,3,4,1,1,1,1,0,Low
32,Male,Employed,6.8,6.7,5.3,8.6,9,9,3,5,8,7,0,1,0,0,High
61,Female,Student,4.3,0.0,7.3,8.0,9,1,6,6,5,4,1,1,1,1,High
57,Female,Employed,6.8,4.9,6.0,9.9,10,3,3,3,4,5,1,0,0,1,High
32,Male,Employed,8.0,1.8,4.4,10.7,4,10,6,2,5,5,1,0,0,1,Low
39,Female,Student,4.9,0.7,9.7,9.1,5,9,1,6,9,3,0,0,0,2,Moderate
42,Male,Student,7.8,4.5,4.4,10.2,8,6,3,10,10,5,0,0,1,2,Moderate
53,Other,Employed,7.1,5.4,5.1,7.1,2,1,8,5,3,3,0,0,1,1,Low
49,Female,Employed,6.0,5.3,1.2,15.1,1,1,8,10,1,3,0,0,0,2,Low
57,Male,Employed,8.4,3.5,3.9,5.0,5,5,3,9,1,3,0,0,0,1,Low
34,Female,Student,3.5,3.3,7.5,6.7,7,9,3,8,5,2,1,0,1,0,Low
40,Male,Employed,7.6,4.3,7.0,10.3,5,4,3,9,7,6,0,0,0,1,Moderate
37,Female,Employed,9.6,3.8,7.8,9.9,3,9,3,5,1,6,0,0,0,1,Low
60,Female,Employed,9.3,4.4,7.7,9.2,6,6,10,8,6,1,1,0,1,1,Low
30,Female,Employed,7.6,3.5,12.3,9.7,10,2,7,2,4,5,0,0,0,1,High
44,Female,Student,6.5,5.1,3.8,2.8,3,6,4,4,10,8,0,0,1,1,Moderate
21,Male,Self-Employed,6.0,0.0,1.1,12.0,5,4,5,6,7,1,1,1,0,2,Low
57,Male,Student,6.5,2.7,2.8,7.5,4,3,6,1,5,4,1,0,1,0,Moderate
34,Male,Employed,7.9,0.0,3.9,11.1,3,7,6,8,6,10,0,1,1,1,Moderate
32,Male,Student,5.7,3.7,3.1,2.9,7,3,4,10,2,5,1,0,0,1,Low
44,Male,Employed,8.2,7.1,6.3,8.6,4,10,10,2,5,1,1,1,0,2,Low
40,Male,Student,10.4,1.8,9.8,6.6,7,9,3,10,4,6,1,0,0,0,Moderate
57,Male,Self-Employed,6.9,3.3,10.6,9.4,1,8,5,1,2,5,1,1,1,0,Low
42,Male,Employed,4.8,4.9,7.5,8.8,7,1,1,2,4,3,0,1,0,0,High
41,Female,Employed,4.8,0.0,12.4,8.9,2,10,5,8,7,1,0,0,0,0,Low
21,Male,Student,8.2,1.7,4.9,5.4,4,5,9,7,6,9,1,0,1,0,Moderate
17,Female,Student,6.9,3.9,1.1,7.9,9,8,10,10,10,9,0,0,0,0,Moderate
35,Male,Employed,8.4,0.0,9.2,7.5,4,2,5,5,3,7,0,0,0,0,Moderate
64,Male,Employed,6.1,0.6,0.5,9.2,7,8,2,6,7,1,0,1,0,2,Moderate
60,Female,Employed,8.3,5.8,3.7,10.5,4,4,8,2,6,9,0,1,1,0,High
46,Male,Retired,6.7,5.5,7.6,8.4,10,8,7,7,9,5,0,0,0,0,Moderate
46,Male,Employed,5.8,3.9,5.7,4.8,10,3,10,10,10,5,0,0,1,1,Moderate
35,Female,Retired,6.4,5.2,5.4,8.3,10,10,6,6,8,9,1,0,0,0,High
24,Male,Student,5.1,3.5,2.5,14.5,4,8,1,10,5,5,0,0,1,1,Low
16,Male,Unemployed,10.2,4.4,6.0,12.1,4,5,10,4,6,3,1,0,0,1,Low
32,Female,Employed,6.8,2.2,9.0,0.6,7,5,7,10,7,3,0,0,0,0,Low
31,Male,Employed,8.0,3.3,6.1,8.2,9,1,9,6,9,10,0,1,1,1,High
25,Female,Retired,6.1,1.4,3.5,10.3,6,3,2,2,3,6,1,0,1,0,High
28,Male,Employed,5.3,6.2,2.3,7.5,8,8,5,4,9,6,0,1,0,0,High
17,Other,Self-Employed,6.6,6.8,3.6,6.8,9,9,5,5,9,6,0,0,0,1,Moderate
45,Female,Employed,8.8,6.4,7.2,7.3,8,10,3,1,1,3,1,0,0,0,Low
61,Other,Student,6.2,2.0,7.0,9.4,4,1,9,9,3,5,0,0,0,1,Low
49,Female,Employed,5.6,0.6,3.6,5.1,3,3,2,3,3,10,0,0,1,1,High
37,Male,Employed,7.2,6.2,0.0,11.0,5,8,1,7,6,2,1,0,1,0,Low
36,Female,Self-Employed,7.8,4.4,7.3,7.9,6,4,3,10,3,10,0,1,0,0,Moderate
31,Male,Unemployed,9.6,3.8,3.3,5.7,9,3,10,5,4,3,1,0,0,1,Low
22,Female,Student,7.6,1.4,8.1,10.8,4,3,2,7,2,3,0,0,0,0,Low
45,Female,Student,8.0,4.1,3.7,4.1,2,10,6,6,1,1,0,0,0,1,Low
43,Male,Student,8.2,0.3,3.0,6.6,4,9,2,8,5,7,0,0,0,2,Moderate
16,Female,Employed,5.2,4.6,6.5,6.6,6,1,4,1,4,4,1,0,1,1,High
36,Male,Student,5.5,6.4,13.1,13.4,3,9,6,4,6,5,0,0,0,0,Low
29,Female,Employed,5.3,7.1,8.2,6.3,4,6,1,7,3,6,1,0,0,0,Low
24,Female,Employed,4.9,4.8,6.4,2.6,3,9,3,1,3,7,1,1,1,1,Moderate
50,Male,Unemployed,8.3,0.0,7.1,6.5,10,7,6,9,9,10,1,0,0,1,High
41,Female,Student,7.5,3.5,0.7,9.1,6,7,1,7,9,6,0,0,0,2,Moderate
47,Female,Employed,7.1,8.3,2.6,10.0,8,6,5,1,3,2,1,0,0,1,Low
50,Male,Student,2.9,0.8,0.0,13.7,6,8,7,1,2,8,1,0,0,0,Moderate
64,Female,Self-Employed,10.3,2.9,11.2,11.5,1,9,3,2,10,1,0,0,0,0,Low
55,Male,Student,5.6,6.5,10.6,8.5,3,6,2,7,7,9,1,0,0,2,Moderate
46,Female,Student,10.3,4.5,7.2,5.8,9,2,5,6,5,3,0,1,0,1,Moderate
59,Male,Student,4.7,9.2,6.4,12.1,6,1,8,5,7,8,1,0,0,2,High
39,Female,Unemployed,5.7,1.2,1.3,7.1,8,5,1,6,3,2,1,0,0,1,Moderate
64,Female,Student,3.5,0.5,5.3,6.4,8,5,4,5,5,5,0,0,0,2,High
53,Male,Employed,7.6,6.1,11.4,7.0,6,9,10,4,4,7,0,0,0,1,Low
47,Male,Employed,5.2,0.0,6.4,4.9,6,1,4,1,8,7,0,1,0,2,High
60,Female,Unemployed,5.3,2.5,4.3,6.8,3,9,4,1,2,1,0,0,0,2,Low
41,Female,Student,4.8,2.8,0.7,7.4,3,1,8,7,5,1,1,1,0,1,Low
51,Male,Student,8.2,5.6,10.1,9.8,2,5,5,8,9,10,0,0,0,2,Moderate
29,Male,Employed,8.1,4.5,5.8,7.0,3,5,4,3,2,6,1,0,1,1,Low
63,Male,Student,9.9,4.1,0.7,4.8,7,6,8,3,2,9,1,0,0,1,Moderate
46,Other,Employed,5.9,2.0,3.2,4.0,10,1,1,5,9,1,1,0,0,1,High
54,Male,Employed,7.4,6.0,2.2,8.5,5,8,8,7,9,5,0,0,0,1,Low
38,Female,Employed,4.9,13.1,5.6,8.2,7,2,4,6,5,6,1,1,0,1,Moderate
58,Female,Student,6.5,4.7,6.6,6.6,9,8,9,6,1,10,0,0,1,1,Moderate
19,Female,Employed,6.2,3.2,4.5,6.8,7,6,8,1,6,8,0,0,1,0,High
21,Male,Student,7.7,0.0,8.3,9.0,3,9,10,5,3,7,0,0,1,1,Low
40,Male,Employed,8.6,1.4,6.2,11.5,3,10,2,8,6,3,1,0,0,2,Low
51,Female,Student,8.6,2.5,9.2,6.0,7,9,2,6,2,10,0,0,0,1,Moderate
55,Female,Retired,5.7,1.7,4.9,8.2,3,5,10,9,9,4,0,0,1,1,Low
37,Male,Employed,8.6,3.0,15.1,10.4,3,5,4,7,7,3,0,0,0,2,Moderate
47,Male,Student,6.9,7.4,4.3,6.1,6,7,9,9,7,8,1,1,0,1,Moderate
43,Male,Student,6.5,6.1,3.3,8.0,7,7,7,6,6,10,1,1,0,1,Moderate
63,Male,Employed,5.9,2.6,2.9,7.9,3,8,5,6,3,9,1,0,0,1,Moderate
48,Male,Student,6.1,0.0,5.4,4.7,1,5,1,6,10,2,1,0,1,1,Moderate
36,Female,Student,9.8,6.3,0.8,8.4,8,5,1,3,3,9,0,0,1,1,High
63,Male,Self-Employed,7.5,2.9,6.9,8.1,4,2,8,5,4,4,0,0,0,0,Low
21,Female,Employed,7.3,0.0,0.3,9.4,7,2,1,2,10,3,0,1,0,0,High
64,Male,Student,6.6,4.8,6.5,5.0,2,9,1,5,1,10,0,1,1,2,Moderate
23,Male,Employed,10.9,5.6,1.9,8.0,4,10,3,2,2,10,1,1,0,2,Moderate
30,Female,Student,9.1,0.0,4.9,11.5,7,7,10,5,8,4,0,0,1,0,Low
56,Male,Retired,5.8,0.9,7.8,13.2,2,4,7,10,4,1,1,0,0,2,Low
51,Female,Student,6.6,2.7,12.9,11.2,4,1,8,5,6,3,1,1,1,1,Moderate
63,Male,Employed,6.7,4.8,2.8,5.1,8,1,7,8,6,6,1,0,0,0,Moderate
52,Female,Unemployed,7.2,1.7,5.5,9.1,8,7,6,5,9,1,0,0,0,1,Low
47,Female,Student,5.9,0.9,3.8,6.8,4,7,3,10,7,3,1,0,1,0,Low
32,Female,Student,7.7,4.8,3.4,8.7,2,3,5,3,5,2,1,0,1,0,Low
16,Male,Employed,9.3,1.8,3.9,6.1,1,2,6,9,6,10,0,0,1,2,Moderate
22,Male,Self-Employed,4.9,4.4,8.5,3.7,6,1,10,8,8,4,1,0,0,1,Moderate
30,Male,Employed,5.2,0.2,4.5,7.1,7,7,9,9,4,4,0,0,0,0,Low
18,Female,Employed,6.2,0.0,12.7,9.8,6,7,8,2,2,5,1,1,0,1,Moderate
40,Male,Unemployed,6.3,4.9,7.2,8.7,5,4,9,9,5,1,1,1,0,1,Low
54,Male,Unemployed,10.2,3.6,3.0,9.0,1,8,9,10,10,6,1,1,0,1,Low
63,Male,Employed,8.6,5.3,4.9,8.5,3,9,7,3,2,10,1,1,0,0,Low
39,Male,Employed,8.5,1.7,3.6,9.0,1,6,9,7,2,9,1,0,1,0,Low
58,Male,Employed,6.6,1.0,8.4,9.3,5,3,1,6,10,3,0,1,1,1,High
64,Male,Student,6.5,6.4,1.1,7.3,4,1,1,1,9,1,0,0,0,1,Moderate
58,Male,Self-Employed,4.7,0.0,2.0,8.2,1,8,5,6,2,8,1,1,0,2,Low
38,Female,Student,8.3,6.1,4.2,12.4,7,6,1,7,3,9,1,1,0,0,Moderate
31,Male,Student,7.8,6.3,8.0,8.4,4,4,4,3,7,10,1,0,0,2,High
63,Male,Unemployed,9.1,5.2,9.7,8.1,10,1,2,4,8,6,0,0,0,2,High
27,Female,Employed,6.7,1.3,10.1,8.3,5,9,10,6,8,5,0,0,1,0,Low
36,Female,Student,6.8,1.0,7.6,7.5,1,10,7,10,9,8,1,0,0,0,Low
19,Male,Student,7.3,2.5,5.8,6.9,8,5,1,1,6,7,1,0,0,1,High
54,Female,Employed,8.4,0.0,8.4,8.5,8,3,7,10,9,8,0,0,1,2,High
47,Other,Unemployed,4.6,0.6,2.6,6.7,10,7,8,9,6,3,0,0,0,0,Moderate
20,Female,Student,8.2,4.6,0.5,7.6,7,9,4,9,5,10,1,0,0,0,Low
26,Female,Student,7.0,4.6,7.3,6.0,4,6,9,1,7,1,1,1,0,1,Low
43,Female,Employed,5.3,0.4,3.0,8.3,7,1,10,6,5,1,0,0,0,1,Low
42,Male,Retired,3.7,4.7,5.8,9.5,8,2,10,4,7,7,0,1,0,0,High
55,Male,Student,6.8,4.1,6.4,7.5,6,1,1,10,9,6,0,0,1,0,High
29,Female,Retired,9.3,6.8,6.7,3.0,8,5,5,8,10,6,0,0,0,0,Moderate
61,Other,Self-Employed,9.7,4.4,8.8,9.5,10,5,8,7,6,10,0,0,1,2,High
37,Male,Student,7.6,5.6,8.5,8.3,8,6,5,1,1,9,0,1,1,1,High
56,Male,Unemployed,10.1,4.2,6.6,5.5,6,8,5,9,7,8,1,0,1,1,Moderate
27,Female,Employed,6.9,5.4,4.7,9.9,5,2,4,5,3,2,0,0,1,2,Low
17,Male,Employed,8.5,0.0,6.3,4.5,9,10,5,2,3,1,1,0,1,1,Low
18,Female,Employed,6.3,2.7,4.2,10.6,9,3,7,9,9,2,0,0,1,2,Moderate
34,Female,Unemployed,6.2,2.9,5.4,7.9,3,6,1,10,5,7,0,0,0,0,Low
62,Female,Unemployed,5.9,2.4,13.9,2.3,1,3,8,5,8,8,0,0,0,0,Low
18,Female,Unemployed,3.7,4.1,6.5,8.4,9,4,8,7,4,8,0,0,1,0,High
34,Female,Retired,9.1,4.6,7.4,7.0,3,9,2,7,7,2,1,1,1,0,Low
21,Female,Employed,6.0,4.0,3.9,6.6,10,1,8,4,7,3,1,0,1,1,Moderate
61,Female,Unemployed,5.7,2.6,9.1,6.2,1,5,6,8,9,4,1,0,0,1,Low
49,Female,Self-Employed,5.1,1.2,8.3,7.7,10,6,4,10,2,7,1,0,1,0,High
53,Female,Student,6.7,5.7,8.3,6.8,7,6,5,10,6,1,1,1,1,1,Low
50,Male,Student,9.8,3.9,6.6,3.4,4,4,6,7,5,9,1,0,0,1,Moderate
48,Female,Employed,10.4,0.5,9.1,11.2,1,4,3,4,5,1,1,0,0,1,Low
53,Male,Self-Employed,4.3,2.5,9.8,7.4,9,10,7,10,9,6,1,0,0,0,Moderate
16,Female,Student,6.4,0.0,6.8,6.2,2,3,7,10,2,10,0,1,0,2,Moderate
58,Female,Employed,5.3,3.1,5.7,5.2,1,5,4,1,6,2,0,0,0,1,Low
52,Male,Student,8.6,2.5,8.7,9.9,8,4,5,4,4,7,1,1,0,2,High
52,Male,Employed,7.5,1.6,3.3,4.8,7,8,7,6,9,6,1,1,0,1,High
35,Male,Employed,6.0,7.0,3.8,8.3,2,9,6,6,3,9,0,0,1,1,Low
55,Female,Student,7.1,0.1,5.8,6.5,4,9,5,8,3,6,1,0,0,0,Low
34,Male,Self-Employed,6.2,4.8,0.8,6.7,7,1,10,6,1,9,0,0,0,1,Low
18,Male,Student,9.6,8.5,8.5,5.2,7,1,9,1,5,5,1,0,0,0,Moderate
60,Female,Self-Employed,7.9,5.7,3.1,6.4,4,4,4,2,1,2,1,0,1,2,Low
27,Female,Student,8.1,2.9,4.6,8.0,5,5,8,8,6,7,0,0,0,0,Moderate
20,Male,Retired,2.7,0.2,5.4,8.6,1,1,9,7,3,10,1,0,0,0,Moderate
46,Male,Employed,6.9,0.0,6.1,6.0,1,9,2,7,5,5,1,0,0,1,Low
27,Other,Student,10.3,2.0,5.0,7.8,10,9,6,5,7,9,1,0,0,1,High
58,Female,Student,9.1,1.3,5.8,10.2,3,5,8,3,7,9,1,0,0,1,Moderate
37,Female,Student,4.0,1.2,5.8,3.8,10,8,1,4,1,7,1,0,1,1,High
16,Male,Employed,6.5,2.2,4.7,8.0,1,6,4,7,2,8,0,0,1,1,Low
62,Male,Unemployed,5.1,2.7,3.7,5.6,10,7,8,6,4,6,1,0,0,2,Moderate
41,Male,Employed,9.7,4.2,9.2,5.4,5,9,10,2,6,9,0,1,1,1,Moderate
28,Female,Employed,7.4,0.0,0.0,8.7,9,1,10,4,9,4,0,0,0,1,High
49,Male,Employed,5.8,1.3,5.4,6.6,9,3,7,9,2,6,0,0,0,2,Moderate
41,Male,Employed,7.1,2.6,4.6,5.0,4,5,1,6,1,1,0,1,0,0,Low
17,Female,Employed,2.8,2.5,7.3,11.3,8,9,1,9,7,2,1,0,0,0,Moderate
53,Female,Employed,5.3,7.6,1.6,10.3,4,6,9,6,10,6,1,0,0,0,Low
35,Female,Employed,7.1,3.6,4.5,3.2,8,4,8,5,9,8,1,0,1,1,High
50,Male,Retired,8.4,0.0,5.7,4.3,10,1,2,10,6,1,0,0,0,1,Moderate
59,Female,Employed,3.9,4.0,9.2,9.5,9,6,2,6,1,1,1,0,1,0,Low
45,Male,Student,6.4,4.4,7.0,7.3,8,3,2,2,6,1,1,1,0,0,High
48,Male,Student,8.6,2.7,2.4,11.8,4,4,9,5,5,6,0,0,0,0,Low
28,Female,Employed,4.7,0.0,4.5,9.5,2,10,8,7,5,4,1,0,0,1,Low
27,Male,Employed,7.4,7.4,8.7,8.7,6,6,10,4,5,1,0,1,0,0,Low
36,Female,Self-Employed,7.1,0.3,2.4,5.4,2,2,2,5,6,8,1,0,0,1,High
57,Female,Employed,9.7,4.7,5.8,9.2,6,1,7,9,8,6,0,1,0,2,Moderate
41,Other,Employed,6.6,3.5,6.0,4.8,9,4,10,5,2,1,1,1,1,1,Low
33,Male,Unemployed,6.7,4.5,4.8,11.3,2,1,6,4,1,7,1,0,0,2,Low
54,Male,Student,8.4,7.3,14.1,9.1,10,5,8,2,1,10,1,0,0,2,High
57,Male,Unemployed,4.9,4.4,4.8,5.9,6,5,7,5,5,5,0,0,0,1,Moderate
60,Male,Student,6.6,1.6,7.3,10.0,1,9,1,8,6,10,0,0,0,1,Low
30,Male,Employed,6.3,5.8,3.7,13.6,8,4,5,3,8,5,1,0,0,1,Moderate
50,Male,Self-Employed,6.8,1.4,7.6,7.5,1,3,3,5,5,1,0,0,0,1,Low
44,Female,Unemployed,8.4,3.4,8.6,9.4,7,7,1,7,6,2,0,0,1,0,Moderate
37,Female,Self-Employed,7.9,0.0,4.2,6.9,6,7,6,10,10,1,1,0,1,0,Low
35,Female,Employed,5.8,0.4,5.8,8.2,8,1,10,9,8,4,1,0,0,1,Moderate
21,Male,Unemployed,7.2,3.1,3.3,4.2,4,1,1,3,7,4,1,1,1,2,High
29,Male,Employed,9.4,3.9,2.6,8.0,2,2,4,2,4,5,0,0,1,1,Moderate
42,Male,Employed,5.7,0.0,9.1,8.1,4,8,7,7,2,5,0,1,0,0,Low
59,Male,Student,7.2,4.2,4.3,12.5,8,3,4,3,10,9,1,0,1,1,High
58,Male,Student,6.7,1.0,0.0,3.5,10,10,2,4,6,1,0,1,0,1,Moderate
25,Other,Employed,6.9,6.2,11.3,7.3,3,5,2,2,1,9,0,0,1,1,Moderate
49,Male,Student,4.4,2.1,3.6,11.2,4,10,1,8,5,3,0,1,1,1,Moderate
20,Male,Employed,9.3,0.2,5.3,7.4,9,3,10,2,1,10,1,0,1,0,High
49,Female,Unemployed,5.8,3.2,10.9,7.6,4,5,5,4,10,2,0,1,1,0,Moderate
32,Female,Self-Employed,8.6,0.7,5.6,5.9,3,2,10,5,6,2,1,0,1,2,Low
38,Female,Student,6.0,6.2,5.5,5.7,9,9,7,1,8,2,0,0,0,0,Low
51,Male,Self-Employed,6.0,3.0,2.3,3.4,5,6,4,8,5,3,0,0,1,2,Low
36,Female,Student,8.9,2.6,1.1,6.4,6,1,10,7,1,10,1,0,0,0,Low
55,Male,Employed,8.6,4.5,5.5,5.5,5,8,3,6,7,5,1,0,1,2,Moderate
42,Male,Unemployed,7.3,0.5,7.1,8.3,7,9,2,2,7,2,1,0,1,0,High
64,Female,Student,8.2,0.0,6.9,6.0,3,7,9,1,3,7,1,0,0,1,Moderate
47,Female,Student,6.5,4.0,4.6,6.8,8,9,6,1,8,6,0,1,0,1,Moderate
30,Male,Student,7.0,0.3,6.1,6.9,4,3,5,7,3,8,0,0,1,1,Moderate
53,Female,Employed,5.9,0.2,0.5,7.9,6,5,6,8,7,8,0,0,1,1,Moderate
35,Male,Unemployed,8.4,5.1,7.4,6.7,2,9,10,8,8,8,0,1,1,0,Low
42,Male,Student,5.9,4.3,6.5,5.3,1,7,3,9,2,2,1,0,0,0,Low
22,Male,Student,9.4,0.0,11.9,8.2,6,7,10,4,3,5,1,0,0,0,Low
21,Female,Employed,6.5,1.5,6.0,10.7,2,8,10,1,2,7,0,0,0,1,Low
44,Male,Student,7.0,0.7,3.2,8.3,10,7,8,3,8,6,0,0,0,1,Moderate
25,Female,Employed,8.2,7.4,5.8,6.5,10,2,2,8,3,10,1,0,1,0,High
64,Male,Self-Employed,7.0,5.3,5.0,7.7,4,3,1,8,7,10,1,1,0,1,High
57,Female,Unemployed,6.5,1.9,7.3,2.9,3,8,2,6,5,9,0,1,0,0,Moderate
50,Female,Self-Employed,7.0,4.4,6.1,7.7,6,3,8,1,1,3,0,1,0,0,Low
52,Male,Employed,8.4,0.0,2.2,7.0,3,7,4,8,9,6,0,0,1,0,Moderate
45,Male,Unemployed,5.9,1.3,1.1,5.7,9,5,10,9,8,9,0,1,0,1,High
18,Male,Student,6.8,3.3,6.8,6.1,2,7,1,3,3,3,0,0,0,0,Low
35,Female,Student,7.0,4.1,10.1,7.0,5,3,4,9,9,8,0,0,0,2,High
40,Male,Employed,8.4,2.8,6.2,10.5,2,4,3,7,8,3,0,0,0,1,Low
60,Female,Student,6.8,3.6,8.4,10.7,9,7,9,9,9,2,0,1,0,1,Low
26,Male,Self-Employed,9.9,3.2,9.0,5.7,2,2,2,7,2,3,0,1,1,0,Moderate
40,Female,Employed,6.7,2.6,6.8,6.7,5,4,5,1,1,10,0,0,0,1,Moderate
32,Female,Retired,6.6,2.3,3.6,6.8,9,10,9,7,1,10,0,1,0,2,Moderate
22,Female,Employed,6.7,1.9,6.6,10.0,5,2,10,2,6,9,1,0,0,1,High
21,Other,Employed,4.9,3.6,9.6,8.4,2,6,10,3,8,3,1,0,0,0,Low
33,Male,Employed,5.3,4.0,7.6,8.2,2,2,7,9,10,8,0,0,0,0,Moderate
20,Female,Student,6.2,3.5,8.2,9.3,7,8,2,10,10,3,0,0,0,0,Moderate
19,Male,Employed,8.8,0.1,4.6,6.5,2,2,1,5,6,2,1,0,0,0,Moderate
33,Male,Employed,6.9,0.5,5.4,11.4,4,6,5,3,7,3,0,0,0,1,Low
25,Female,Retired,6.2,4.0,5.6,8.0,7,5,5,4,3,2,1,1,1,0,Moderate
43,Female,Employed,9.0,6.7,5.8,5.9,4,7,6,3,1,7,1,0,1,1,Low
16,Female,Student,9.5,3.4,9.5,7.4,9,1,1,6,2,7,0,1,0,1,High
30,Male,Employed,9.0,2.0,0.0,11.1,7,6,7,5,1,1,0,0,0,1,Low
38,Male,Employed,5.6,3.6,6.1,6.9,2,6,4,1,7,2,0,0,1,2,Low
63,Male,Student,6.2,0.2,5.8,10.4,9,3,2,7,6,5,1,1,0,0,High
47,Female,Employed,9.9,6.3,1.9,6.4,10,3,10,7,8,2,0,0,1,0,Low
59,Male,Student,7.4,3.5,8.0,6.1,3,8,4,7,2,9,1,0,1,1,Low
32,Male,Student,6.6,1.3,3.8,9.6,4,6,3,10,10,5,0,0,0,1,Low
38,Male,Employed,8.1,2.6,4.9,5.8,4,6,5,8,8,5,1,1,0,1,Moderate
36,Male,Student,8.6,1.7,11.5,10.1,5,10,10,7,10,1,1,0,1,2,Low
59,Male,Employed,6.1,6.3,9.0,8.9,5,5,9,3,7,8,0,1,0,1,Moderate
63,Male,Student,7.4,2.5,7.7,5.8,9,9,1,5,4,8,1,1,0,2,High
63,Female,Employed,8.5,3.4,7.1,7.8,7,10,7,5,7,8,1,0,0,0,Moderate
52,Female,Student,5.1,4.4,5.5,6.6,9,6,7,10,7,6,0,0,0,0,Moderate
40,Male,Self-Employed,7.0,1.1,12.0,8.9,4,3,9,5,2,3,1,0,1,0,Low
42,Female,Student,5.2,3.5,8.4,12.7,6,5,10,7,2,1,1,0,0,1,Low
64,Female,Employed,5.4,3.7,3.8,7.1,2,1,8,6,7,4,0,0,0,0,Low
29,Male,Employed,6.1,0.0,1.8,9.3,3,7,7,1,1,6,1,0,0,0,Low
32,Male,Student,7.8,3.6,7.7,8.1,6,3,4,10,2,2,1,0,0,2,Low
59,Male,Employed,6.5,2.9,5.8,8.1,2,10,9,7,1,1,1,1,0,0,Low
34,Male,Unemployed,6.0,3.3,1.7,7.6,10,7,10,3,7,3,1,0,1,0,Moderate
27,Female,Self-Employed,7.1,3.1,7.3,5.9,3,5,10,1,10,1,0,0,0,0,Low
43,Other,Employed,5.2,3.6,5.2,8.8,2,2,10,10,5,1,0,0,0,0,Low
31,Male,Student,7.7,6.3,7.6,7.3,8,1,7,4,2,5,0,0,1,0,Moderate
59,Female,Employed,8.8,0.1,7.3,5.7,1,7,10,1,6,8,1,0,0,0,Low
60,Male,Employed,6.9,2.1,4.2,10.5,4,8,8,7,5,5,0,1,0,0,Low
30,Female,Student,6.7,4.7,7.9,8.2,2,3,3,1,6,1,0,0,0,1,Low
41,Female,Unemployed,7.6,4.2,4.5,7.4,7,1,1,3,5,4,0,0,0,0,High
64,Male,Employed,3.8,4.1,4.7,11.4,9,4,10,9,6,1,1,1,0,1,Moderate
52,Male,Employed,7.9,9.9,4.4,3.4,2,8,5,1,4,7,0,0,0,1,Low
26,Female,Employed,12.0,4.5,9.4,11.2,5,6,9,8,10,3,0,1,1,1,Moderate
44,Other,Employed,6.8,5.8,5.2,5.8,5,1,3,7,6,4,0,0,0,2,Moderate
46,Male,Student,6.8,2.2,10.1,8.5,7,2,4,4,4,10,0,1,0,1,High
48,Male,Unemployed,8.2,0.5,11.4,6.5,4,2,9,3,1,6,0,1,1,0,Moderate
17,Male,Student,9.6,2.2,3.8,5.7,6,8,6,5,7,8,0,1,1,0,Moderate
30,Female,Unemployed,8.6,4.8,0.0,11.3,6,8,7,6,4,4,1,0,0,0,Low
57,Female,Unemployed,3.6,4.0,9.1,12.6,1,5,4,9,3,10,0,0,1,1,Moderate
27,Female,Employed,7.9,4.0,5.0,7.4,6,7,7,3,5,8,0,1,0,1,Moderate
30,Female,Student,11.1,2.5,3.4,8.8,6,1,5,6,5,6,1,0,0,0,Moderate
31,Female,Student,8.0,2.1,4.2,8.1,10,6,10,7,9,6,0,0,0,0,Moderate
24,Female,Employed,5.2,2.6,4.8,12.3,6,3,5,1,6,7,0,0,0,2,High
23,Male,Employed,7.5,4.8,9.9,2.7,9,9,1,9,8,2,0,0,0,1,Moderate
33,Female,Self-Employed,5.0,5.1,6.5,8.9,4,5,8,10,7,3,0,0,0,0,Low
58,Male,Employed,9.0,0.5,9.9,6.2,7,9,10,1,9,7,0,0,0,2,High
16,Male,Self-Employed,5.5,4.9,7.5,2.1,10,6,9,3,1,5,1,0,1,1,Moderate
29,Female,Student,7.1,1.4,5.1,7.1,2,5,2,8,4,8,0,0,1,1,Moderate
18,Female,Employed,5.6,4.2,4.8,12.6,6,10,10,9,8,6,1,0,0,1,Low
43,Other,Student,6.1,2.5,7.7,6.4,10,10,4,2,2,1,1,0,0,1,Low
28,Male,Employed,9.4,6.9,8.5,10.0,6,5,9,10,5,7,0,1,1,0,Low
54,Female,Student,7.2,2.0,9.0,11.0,9,4,7,4,5,7,1,0,0,2,High
44,Female,Student,6.1,3.4,5.2,8.0,5,7,10,3,9,4,0,0,0,1,Low
54,Male,Unemployed,5.2,4.5,6.5,8.3,9,2,4,4,10,8,1,1,0,1,High
47,Male,Employed,4.0,0.8,7.8,3.7,7,4,7,7,2,4,1,0,0,1,Moderate
37,Female,Student,5.0,2.8,4.8,6.2,5,9,7,3,3,2,0,0,0,2,Low
58,Male,Student,7.2,2.3,2.6,10.3,3,9,2,6,8,2,1,0,0,0,Low
39,Female,Employed,8.6,1.7,3.6,8.2,2,5,8,1,2,10,0,0,0,0,Low
62,Male,Employed,6.1,1.9,5.3,8.9,3,4,2,2,5,4,1,0,0,1,Moderate
64,Male,Student,9.5,5.8,8.0,8.3,8,9,9,8,10,5,0,0,1,0,Low
44,Female,Employed,5.9,1.5,9.8,13.5,5,3,2,4,10,4,0,1,0,1,High
49,Male,Student,6.6,4.4,1.9,6.9,4,1,2,8,10,8,0,0,0,1,High
28,Female,Employed,5.3,3.8,4.2,12.0,5,1,5,8,2,7,1,0,0,0,Low
55,Female,Employed,8.6,0.0,4.9,8.3,4,2,2,10,2,9,1,0,0,0,Moderate
48,Male,Student,10.4,4.3,8.4,12.2,9,9,1,2,2,9,1,0,1,1,High
60,Female,Student,4.2,0.0,4.4,4.9,4,1,1,10,8,10,0,0,0,0,High
29,Female,Student,6.4,4.6,4.7,8.5,5,4,3,9,2,4,0,1,0,0,Low
54,Female,Student,9.0,1.7,1.8,7.0,6,7,5,5,5,6,0,1,1,0,Moderate
39,Female,Employed,4.7,3.0,7.5,8.3,7,7,1,2,9,4,0,0,0,0,High
25,Female,Self-Employed,7.9,0.0,5.5,11.1,4,9,2,2,5,8,0,0,0,1,Moderate
24,Female,Unemployed,9.0,3.3,4.0,8.9,1,10,7,6,10,8,1,0,0,2,Low
43,Male,Employed,7.1,5.3,5.2,11.1,7,5,4,1,5,3,1,0,0,1,Moderate
31,Female,Employed,7.9,1.0,9.4,6.3,6,3,8,1,4,9,0,0,0,1,High
20,Female,Employed,9.8,1.5,3.0,5.9,7,1,9,6,10,3,0,0,0,0,Moderate
36,Female,Unemployed,10.1,4.1,3.5,8.0,6,9,1,6,6,10,1,0,0,2,High
47,Female,Student,6.9,4.2,9.8,7.9,6,4,10,9,2,9,1,0,0,2,Moderate
31,Male,Student,6.1,0.0,6.2,7.5,10,9,7,10,7,1,1,0,0,1,Low
62,Female,Employed,5.5,8.0,8.0,5.6,1,4,9,3,8,4,0,0,0,0,Low
54,Other,Student,8.6,4.3,7.2,11.0,1,8,5,4,9,4,0,0,0,0,Low
41,Male,Employed,4.8,4.7,5.9,7.1,10,7,1,2,1,9,0,0,0,0,High
61,Male,Self-Employed,6.6,2.6,5.0,11.6,9,8,9,3,2,8,1,0,0,0,Moderate
37,Female,Self-Employed,7.2,0.0,8.5,8.0,5,7,6,5,7,1,1,0,0,0,Low
22,Female,Student,6.2,4.7,9.5,9.6,6,4,1,10,8,9,1,0,0,2,High
17,Female,Employed,7.4,1.6,9.3,9.4,5,2,2,9,7,3,0,0,1,0,Moderate
61,Male,Employed,11.1,4.4,2.4,5.9,10,1,3,10,4,4,0,1,1,0,High
63,Male,Employed,6.8,2.5,9.9,8.9,5,5,4,5,8,2,0,0,0,2,Moderate
52,Female,Employed,6.3,3.6,4.9,12.8,8,9,5,7,6,2,1,0,1,2,Low
21,Female,Student,8.6,1.1,3.7,8.6,4,7,5,8,10,6,0,0,0,0,Moderate
30,Female,Unemployed,7.4,5.2,5.5,10.3,4,7,9,3,4,1,1,0,0,0,Low
18,Female,Retired,9.3,0.0,8.5,9.7,7,3,10,5,8,1,0,0,0,1,Moderate
18,Female,Employed,7.3,8.6,7.6,8.8,4,5,7,6,2,8,0,0,0,2,Low
28,Female,Employed,6.6,8.6,5.2,8.5,1,5,7,4,8,4,0,0,1,1,Low
44,Female,Employed,4.1,7.1,8.5,9.4,2,2,9,5,8,7,0,1,0,0,Moderate
19,Female,Employed,4.4,6.2,6.4,9.9,9,7,3,5,3,10,1,1,0,1,High
64,Female,Student,4.1,2.8,4.3,4.6,4,4,6,1,1,1,1,0,1,1,Low
38,Male,Employed,7.6,5.9,3.9,8.6,2,5,7,8,10,8,1,0,0,0,Low
28,Male,Student,4.8,2.8,7.2,7.5,10,6,3,10,1,2,0,1,0,0,Low
41,Female,Unemployed,9.0,0.0,5.8,7.0,10,1,10,8,5,8,1,0,0,2,High
54,Female,Employed,7.0,6.8,1.9,11.2,5,10,3,10,1,4,0,1,1,1,Low
31,Female,Employed,6.6,5.8,8.5,6.2,7,3,1,5,5,2,1,1,0,0,Moderate
18,Male,Employed,5.6,2.9,4.6,4.5,8,7,4,1,9,3,1,0,1,1,High
18,Female,Retired,8.0,0.0,10.8,10.0,1,8,9,3,6,4,0,0,0,1,Low
57,Male,Student,5.7,1.5,1.8,4.4,3,2,4,9,3,8,0,0,1,0,Low
21,Female,Student,5.4,0.0,5.5,3.2,6,3,3,2,4,7,0,1,1,0,High
47,Female,Student,8.9,5.4,3.9,10.3,6,5,9,6,1,8,0,0,1,0,Low
34,Female,Employed,7.6,0.0,3.1,8.4,4,9,2,1,6,1,1,0,0,2,Moderate
54,Female,Retired,6.6,3.7,4.5,9.2,1,7,2,4,1,10,1,0,0,0,Low
18,Male,Student,8.0,0.9,11.3,6.9,10,5,9,2,4,5,0,1,1,1,High
59,Male,Self-Employed,7.0,0.0,6.4,4.5,7,9,4,2,1,2,0,1,0,1,Moderate
50,Female,Student,7.6,3.6,3.6,5.0,8,5,1,2,3,10,1,0,1,2,High
38,Female,Employed,5.7,2.2,0.5,7.3,5,9,5,6,1,8,0,0,1,2,Low
26,Female,Student,10.3,5.1,0.8,4.8,6,8,8,7,10,1,0,0,0,2,Low
63,Male,Employed,6.1,0.0,4.4,8.8,5,2,8,3,8,5,1,1,0,2,Moderate
30,Male,Employed,9.5,1.1,4.1,6.8,5,4,1,9,10,10,0,0,0,0,High
40,Male,Employed,6.7,0.0,5.3,8.5,7,1,3,4,7,7,0,0,0,0,High
35,Male,Student,8.3,0.0,0.0,8.4,10,3,7,8,5,2,0,1,0,0,Moderate
27,Male,Unemployed,8.2,7.5,5.7,9.0,8,1,7,6,2,8,0,0,0,1,Moderate
36,Female,Retired,8.8,8.2,9.1,9.2,7,2,7,8,10,2,1,0,1,0,Moderate
23,Female,Employed,5.7,3.2,10.9,7.1,1,1,4,10,10,4,1,1,0,0,Moderate
16,Male,Employed,8.7,0.9,0.3,8.5,6,7,9,10,5,2,1,0,0,0,Low
30,Male,Unemployed,10.0,2.3,3.6,8.6,10,5,1,6,3,7,1,1,0,1,High
21,Male,Student,6.6,5.2,3.4,1.9,4,5,9,10,4,10,0,0,0,0,Low
36,Female,Self-Employed,7.1,1.7,6.4,9.6,6,8,10,8,4,1,0,0,0,0,Low
58,Male,Student,6.2,3.6,2.3,8.4,4,9,7,3,10,7,1,0,1,1,Moderate
23,Female,Unemployed,6.4,3.0,11.0,9.4,2,6,5,10,1,3,0,0,1,1,Low
16,Female,Student,9.7,1.6,6.1,4.8,8,5,4,2,7,8,1,0,0,2,High
21,Male,Student,5.4,1.7,5.6,7.2,4,7,5,5,8,2,0,0,1,1,Low
40,Female,Employed,5.5,3.7,10.8,5.3,6,5,2,2,8,4,0,0,0,1,High
29,Female,Employed,9.6,0.6,6.0,9.9,6,5,3,8,2,3,1,0,0,0,Low
39,Male,Self-Employed,8.0,4.1,7.2,4.5,9,3,7,9,5,9,1,0,0,0,Moderate
17,Male,Retired,10.4,1.8,3.7,5.7,10,2,6,9,4,1,1,0,1,1,Moderate
32,Female,Student,6.3,3.3,1.9,9.3,6,2,5,2,5,6,1,0,0,0,Moderate
36,Female,Student,7.2,6.5,4.2,6.4,1,7,5,3,1,2,0,0,1,1,Low
37,Female,Employed,5.9,2.6,12.6,5.7,6,9,1,4,1,6,1,0,0,2,Moderate
43,Female,Employed,7.2,5.3,7.9,10.3,9,5,9,2,1,8,1,0,1,0,Moderate
54,Male,Employed,4.2,0.0,6.8,10.4,5,1,10,6,10,8,0,0,0,1,High
38,Female,Self-Employed,8.1,1.8,3.1,9.8,6,7,3,1,5,1,1,0,1,0,Moderate
57,Female,Unemployed,7.5,3.1,8.7,10.1,8,10,4,7,3,8,0,0,0,0,Low
41,Male,Student,6.9,7.8,1.9,7.4,5,6,7,6,8,3,0,1,0,0,Low
28,Female,Employed,6.4,0.0,1.3,7.5,5,1,1,6,5,7,1,0,1,1,High
27,Female,Employed,5.6,2.8,4.3,6.4,5,1,2,10,4,10,0,1,0,2,High
31,Female,Employed,8.2,6.6,11.9,8.4,9,6,10,8,2,2,1,0,1,0,Low
45,Male,Student,5.1,1.0,11.7,6.7,5,9,2,3,4,4,0,0,1,1,Moderate
27,Male,Employed,7.8,2.5,4.6,6.9,4,1,6,6,7,9,1,0,1,0,High
60,Female,Employed,10.3,3.8,4.0,9.5,6,8,9,9,7,2,0,0,0,0,Low
39,Female,Student,9.4,3.5,1.1,11.0,7,8,8,9,4,3,0,0,0,1,Low
58,Female,Unemployed,4.6,6.9,6.2,9.0,10,1,3,7,7,6,1,0,0,1,High
49,Female,Employed,6.1,4.1,6.5,12.5,9,3,2,1,8,10,1,0,0,1,High
32,Male,Employed,7.7,6.3,8.4,6.2,8,1,8,5,10,3,0,0,0,2,High
27,Male,Employed,6.9,2.1,8.7,3.4,8,6,5,9,6,4,0,0,1,0,Moderate
52,Male,Self-Employed,4.8,1.1,5.4,9.8,5,2,10,1,3,8,0,0,1,1,Moderate
32,Male,Student,7.6,2.4,7.7,6.1,4,10,7,6,2,2,1,0,0,0,Low
28,Male,Student,7.0,0.1,3.9,7.3,6,1,1,6,2,4,1,1,1,1,High
61,Female,Employed,10.1,4.2,7.6,3.6,8,7,3,3,1,4,1,0,0,0,Low
39,Male,Employed,6.6,2.0,4.5,5.8,6,8,8,4,6,5,1,0,0,0,Low
18,Male,Student,8.9,1.3,7.4,4.2,3,2,8,10,3,6,0,0,0,1,Low
40,Female,Unemployed,5.0,4.2,7.1,6.9,1,3,8,6,3,3,1,0,1,0,Low
38,Male,Student,5.4,0.1,6.2,7.0,1,8,3,10,8,4,1,0,1,1,Low
58,Male,Student,8.2,4.9,8.4,8.2,5,1,3,5,4,10,1,1,0,2,High
50,Female,Employed,8.7,1.8,1.3,11.1,8,5,3,9,9,9,1,0,0,1,High
25,Male,Unemployed,5.5,5.9,2.8,9.7,8,3,7,7,2,10,0,0,0,1,Moderate
23,Female,Self-Employed,7.0,2.0,5.2,3.9,9,1,1,10,4,7,1,0,0,2,High
45,Female,Employed,4.8,4.6,1.7,9.5,8,5,9,4,1,6,1,0,0,1,Moderate
18,Male,Employed,6.7,3.4,4.8,8.3,1,5,3,4,6,3,1,0,1,0,Low
31,Female,Employed,8.3,4.9,4.9,7.8,9,4,5,1,2,2,0,1,1,1,Moderate
22,Female,Employed,6.3,3.3,9.9,7.9,10,9,3,3,3,6,0,0,0,1,High
17,Female,Student,6.6,0.0,6.4,8.5,9,1,5,2,8,5,1,0,1,1,High
61,Female,Employed,5.2,5.5,9.1,6.3,5,5,8,2,9,8,1,0,0,1,High
20,Female,Unemployed,6.0,2.8,6.9,7.5,3,2,2,4,6,1,0,0,0,0,Low
16,Female,Employed,9.8,5.0,4.4,11.0,10,8,6,9,10,9,0,0,1,1,High
61,Female,Employed,7.1,4.7,6.4,6.2,2,6,1,4,8,2,1,0,0,0,Low
25,Male,Employed,5.4,1.1,8.2,5.4,8,8,2,9,8,4,1,0,0,2,Moderate
56,Female,Employed,6.5,0.7,9.6,7.8,10,2,7,9,10,4,0,0,0,1,High
17,Female,Student,4.4,4.6,5.6,5.2,10,5,6,10,1,10,0,0,1,2,High
23,Female,Employed,5.4,2.2,1.1,3.7,6,1,7,6,3,8,0,0,0,0,Moderate
21,Male,Self-Employed,9.2,5.3,0.8,7.1,9,4,3,9,5,1,0,0,0,0,Low
50,Male,Student,6.8,2.6,5.0,11.6,9,10,3,5,7,9,0,0,0,0,High
46,Female,Employed,10.0,5.6,0.0,7.9,10,8,5,7,10,7,0,1,0,0,High
39,Female,Student,6.8,4.1,11.4,8.4,4,1,2,9,1,1,1,0,0,0,Low
27,Male,Student,6.9,3.7,7.8,2.7,7,4,9,2,3,8,0,0,0,1,Moderate
20,Male,Retired,8.0,2.1,4.1,9.1,9,9,3,1,3,1,0,1,1,0,Moderate
43,Male,Employed,2.7,3.6,2.7,8.2,3,2,8,2,7,5,1,0,0,2,Moderate
27,Female,Employed,7.3,6.0,9.1,6.3,3,8,2,8,10,2,0,1,0,0,Low
44,Male,Student,6.9,2.9,2.7,8.5,4,4,7,5,10,1,1,0,1,0,Low
49,Other,Retired,9.4,4.3,2.9,8.4,4,5,3,3,8,6,0,1,1,1,High
57,Male,Student,8.5,3.1,3.7,5.4,8,9,3,8,8,7,1,0,0,0,Moderate
40,Male,Employed,5.2,3.3,6.3,8.8,10,7,5,1,5,5,1,0,0,1,High
16,Male,Student,9.0,7.3,7.9,11.0,2,3,2,2,7,4,0,1,0,1,Moderate
29,Female,Student,6.6,6.0,9.6,7.4,4,1,2,5,2,6,1,0,0,1,Moderate
57,Female,Employed,5.6,3.2,9.1,5.8,10,3,8,10,6,2,1,0,1,1,Moderate
42,Female,Student,7.3,3.5,6.0,7.6,6,5,4,8,3,1,0,0,0,1,Low
46,Female,Employed,6.7,1.2,9.1,10.1,3,2,6,7,10,2,1,0,0,2,Low
38,Male,Student,9.5,2.6,4.0,4.9,7,9,7,8,4,1,0,0,0,0,Low
23,Female,Employed,7.5,3.8,0.5,9.4,9,1,7,4,4,8,0,0,0,1,Moderate
59,Male,Unemployed,7.3,5.1,4.0,6.3,4,6,7,5,5,7,1,0,0,1,Low
53,Male,Employed,8.4,4.9,3.6,8.6,5,10,10,9,10,2,0,1,1,0,Low
64,Male,Student,8.7,0.2,4.1,6.6,7,4,7,8,10,6,0,1,0,1,High
57,Male,Employed,8.3,5.4,3.1,6.6,9,6,4,6,5,5,0,1,0,1,Moderate
30,Female,Retired,9.3,2.8,4.6,11.8,6,1,3,1,10,2,1,0,1,0,High
28,Female,Student,8.0,0.5,7.9,4.5,10,8,9,8,8,10,0,0,0,0,High
28,Female,Student,7.3,6.3,11.1,9.2,8,10,5,4,9,10,0,0,0,1,High
61,Female,Unemployed,9.0,6.7,0.8,12.3,5,8,6,4,10,8,1,0,0,0,Moderate
43,Female,Student,6.9,3.7,2.1,9.7,5,2,9,7,4,9,1,0,0,0,Moderate
38,Male,Employed,7.1,4.8,3.6,4.7,7,4,3,4,6,6,0,1,0,1,High
63,Male,Unemployed,9.8,4.9,8.3,4.8,1,8,3,6,3,9,1,0,0,1,Low
45,Male,Student,9.6,6.5,5.4,6.1,3,8,1,1,4,6,0,0,1,1,Moderate
60,Female,Employed,7.0,4.8,3.8,8.4,3,5,1,2,5,2,1,0,1,0,Low
64,Other,Employed,6.3,0.0,8.2,8.6,9,10,7,6,1,2,1,0,0,0,Low
19,Male,Employed,9.3,8.0,8.9,4.8,9,3,6,10,3,9,0,0,0,1,Moderate
33,Female,Self-Employed,8.3,5.7,5.9,5.8,9,8,3,8,9,5,1,0,1,0,Moderate
51,Female,Student,7.5,1.7,3.6,6.0,2,5,3,5,2,8,1,1,0,2,Moderate
55,Female,Employed,6.5,0.4,6.8,7.5,3,8,7,10,7,2,0,0,0,1,Low
23,Female,Unemployed,7.5,4.3,5.3,13.0,4,6,1,3,8,5,0,0,0,0,Moderate
31,Female,Student,7.0,2.3,5.3,5.7,1,5,8,9,3,1,0,0,0,1,Low
42,Female,Unemployed,5.9,3.8,4.5,5.6,3,9,10,5,5,3,1,1,1,2,Low
55,Female,Student,7.2,4.9,8.8,5.2,5,9,5,1,9,2,0,1,0,2,Moderate
21,Male,Employed,7.4,1.6,6.7,9.6,9,9,5,1,9,3,1,0,1,1,High
45,Female,Student,6.4,0.2,9.1,7.9,2,1,6,10,10,7,0,0,0,0,Moderate
30,Male,Employed,8.4,4.0,10.0,5.8,9,5,1,7,7,1,1,0,0,1,Moderate
26,Female,Unemployed,9.1,1.7,7.4,7.1,9,8,7,2,9,2,1,1,0,1,High
41,Male,Unemployed,8.6,3.4,4.5,6.0,2,9,4,10,4,7,0,1,1,1,Low
36,Male,Retired,6.6,0.0,9.1,8.7,3,4,5,1,7,2,0,0,0,0,Moderate
47,Male,Employed,8.2,2.4,7.4,14.7,5,8,1,4,7,6,1,0,0,2,High
31,Male,Unemployed,7.1,4.8,13.8,9.4,10,6,9,8,10,9,0,0,1,1,High
56,Male,Employed,5.0,4.5,6.9,7.8,8,3,4,1,4,8,0,0,0,0,High
19,Male,Self-Employed,8.1,1.0,8.1,6.3,10,9,1,10,9,2,1,0,0,0,Moderate
58,Male,Employed,7.2,0.1,6.9,4.6,4,5,8,7,6,2,1,0,0,0,Low
17,Male,Self-Employed,11.1,3.0,5.7,9.8,10,7,10,10,2,8,1,0,1,1,Low
52,Female,Student,9.3,4.4,5.2,9.7,10,3,6,9,7,4,1,0,0,0,Moderate
32,Female,Employed,8.1,4.0,6.9,6.8,6,1,1,9,10,5,1,0,0,1,High
34,Female,Employed,7.4,1.7,7.6,11.0,2,5,10,3,5,5,1,0,1,0,Low
16,Male,Student,7.3,3.7,9.5,8.1,3,8,3,3,6,6,0,0,0,0,Moderate
50,Male,Student,5.4,6.8,6.9,9.9,2,4,3,3,10,5,1,0,0,0,Moderate
24,Female,Retired,4.2,3.5,4.6,8.7,9,10,8,2,10,1,1,0,0,0,Moderate
48,Male,Employed,5.6,0.0,5.0,7.6,4,8,4,7,5,1,1,0,0,0,Low
51,Male,Student,6.9,3.5,2.0,5.6,8,7,1,1,8,1,1,1,0,0,High
57,Female,Employed,3.6,8.1,11.0,7.6,3,9,7,5,7,3,0,0,0,1,Low
50,Female,Employed,6.1,0.0,4.4,10.1,10,9,3,6,7,9,1,0,0,1,High
30,Male,Employed,6.6,3.1,8.9,6.7,8,8,9,6,8,10,0,0,1,1,High
52,Female,Self-Employed,6.7,2.4,6.8,9.1,4,9,2,5,4,5,0,0,0,0,Low
56,Male,Retired,5.9,3.2,6.9,5.3,5,8,10,3,4,1,0,0,0,0,Low
31,Female,Employed,6.5,3.5,5.6,10.0,1,9,8,2,1,1,1,0,0,0,Low
22,Male,Employed,9.8,5.8,3.6,8.8,2,2,3,10,9,9,0,0,1,1,Moderate
59,Male,Employed,8.1,3.2,3.1,5.0,10,4,6,5,3,4,1,0,1,1,Moderate
23,Female,Self-Employed,6.1,6.2,11.2,7.4,9,9,10,6,7,9,1,1,1,1,High
45,Male,Student,6.9,2.7,6.3,10.3,9,5,1,6,7,6,1,0,1,1,High
27,Female,Student,7.0,2.1,9.4,4.9,7,1,9,4,8,9,1,0,1,0,High
22,Male,Retired,5.8,1.3,10.2,5.3,3,9,5,8,9,2,0,0,1,0,Low
54,Female,Self-Employed,5.8,0.0,4.8,7.8,2,7,10,4,9,9,0,0,0,2,Moderate
23,Female,Employed,8.6,3.7,7.3,13.3,8,10,3,5,1,6,1,1,0,0,Moderate
48,Female,Employed,6.3,8.1,6.1,6.3,4,1,8,9,9,5,0,0,0,0,Low
49,Female,Employed,5.2,4.1,2.5,9.2,1,2,10,4,3,6,0,0,0,0,Low
18,Male,Employed,6.9,4.7,5.4,8.7,1,6,4,7,7,4,0,0,0,2,Low
24,Female,Student,7.2,2.0,7.8,6.5,6,2,2,7,7,7,0,0,0,2,High
54,Male,Student,3.8,2.4,4.5,8.4,9,6,4,1,1,8,1,0,0,0,High
40,Female,Employed,6.9,5.5,5.0,6.9,4,4,6,7,3,9,1,0,1,0,Moderate
21,Female,Employed,8.4,8.0,5.5,7.1,10,3,7,9,10,10,1,1,0,1,High
64,Female,Employed,7.7,6.7,12.3,3.8,4,8,5,3,2,5,0,0,0,0,Low
28,Female,Student,10.6,5.0,0.5,7.9,8,1,10,10,3,8,1,0,1,0,Moderate
16,Female,Self-Employed,9.0,3.1,7.5,10.2,3,9,6,1,1,9,1,1,0,1,Moderate
61,Male,Employed,9.3,3.5,5.2,8.1,7,2,7,2,2,1,1,1,0,0,Moderate
16,Female,Self-Employed,11.5,1.1,4.1,10.7,3,6,10,10,7,5,0,0,0,0,Low
43,Female,Student,8.2,0.0,5.2,9.5,8,10,10,9,9,8,0,0,0,1,Moderate
64,Male,Employed,7.3,0.2,8.0,7.9,5,2,4,8,6,5,1,1,1,1,High
44,Female,Unemployed,8.6,3.1,8.2,6.4,1,10,3,7,3,2,1,0,0,1,Low
44,Male,Employed,6.1,2.3,6.6,6.8,3,4,8,3,9,7,0,0,1,0,Moderate
35,Male,Student,7.2,0.0,9.3,4.3,4,8,6,5,4,5,0,0,0,0,Low
22,Male,Student,6.0,2.9,9.8,7.3,5,9,5,6,4,7,1,1,1,2,Moderate
44,Male,Student,7.6,2.2,8.4,8.4,3,3,7,1,6,1,1,0,0,0,Low
59,Female,Employed,6.0,0.1,4.4,12.3,6,4,7,6,2,1,1,0,0,0,Low
20,Female,Employed,5.9,2.1,7.5,9.3,10,9,10,1,4,7,1,0,0,0,Moderate
59,Female,Student,7.7,2.2,7.5,5.8,8,2,4,2,8,10,1,0,0,0,High
36,Female,Employed,6.8,1.5,3.6,4.4,4,2,8,2,7,7,1,0,1,1,Moderate
42,Male,Student,3.9,5.3,1.3,7.5,7,4,3,2,10,10,0,0,1,0,High
24,Male,Employed,4.7,0.0,0.0,10.0,10,7,10,1,8,9,0,0,0,1,High
46,Male,Employed,5.2,0.0,6.2,7.4,3,9,1,10,4,3,1,0,1,0,Low
24,Female,Student,5.6,3.0,6.9,9.4,3,6,8,9,8,2,1,1,0,1,Low
29,Male,Student,7.7,3.2,2.5,7.5,1,5,2,6,9,6,0,0,1,1,Moderate
51,Female,Student,7.4,4.0,9.1,9.8,9,9,9,4,7,7,0,0,0,0,Moderate
18,Female,Student,8.7,1.7,6.5,4.0,9,2,10,2,8,8,1,0,0,1,High
37,Female,Employed,8.2,0.7,10.0,12.0,5,10,9,10,6,6,1,0,0,2,Low
45,Female,Student,8.7,3.0,7.1,5.2,9,4,8,8,10,10,0,0,0,0,High
22,Male,Student,8.0,1.9,2.8,10.0,7,3,5,8,3,9,1,0,1,1,Moderate
30,Female,Retired,7.3,6.9,7.4,7.3,10,10,3,5,5,6,0,1,0,1,High
32,Female,Self-Employed,8.8,2.2,8.0,7.7,10,7,10,1,3,6,0,0,0,1,Moderate
48,Female,Student,8.5,2.9,4.4,7.4,10,5,6,7,2,1,0,0,1,0,Low
63,Female,Employed,7.6,9.2,1.7,8.6,4,4,9,5,7,8,0,0,0,0,Low
56,Female,Employed,9.0,2.5,6.3,9.1,7,5,8,3,2,7,0,1,0,0,Moderate
25,Other,Unemployed,3.2,4.4,3.0,10.6,2,8,8,4,3,9,1,0,0,0,Low
16,Male,Unemployed,6.5,4.6,9.4,11.5,9,2,4,1,8,1,1,1,0,0,High
18,Female,Student,6.5,4.8,4.8,8.8,4,2,5,9,3,2,0,0,1,2,Low
45,Female,Student,8.8,3.7,11.2,12.3,5,4,5,2,9,7,1,0,0,0,High
23,Male,Employed,9.5,3.5,0.0,8.2,6,5,7,9,1,5,1,0,0,0,Low
27,Female,Self-Employed,4.7,3.3,6.4,10.7,8,9,8,10,5,6,0,0,0,0,Low
57,Male,Self-Employed,9.3,1.6,10.3,9.1,8,3,2,1,1,5,0,1,0,0,High
58,Female,Student,5.1,3.8,3.3,6.6,10,8,3,7,1,7,0,0,0,1,Moderate
57,Male,Employed,5.2,8.1,5.5,8.5,8,10,1,1,8,7,1,0,0,1,High
28,Male,Student,6.6,6.0,4.8,9.3,8,5,6,9,1,2,0,0,1,0,Low
46,Female,Employed,6.5,3.8,3.9,7.9,6,10,7,6,9,8,1,0,0,0,Moderate
45,Male,Self-Employed,4.5,5.1,6.7,9.0,5,9,3,1,6,5,1,0,1,0,Moderate
25,Male,Employed,8.0,0.8,2.1,10.2,10,8,8,8,5,6,1,0,0,2,Moderate
43,Male,Student,8.1,2.3,5.7,7.9,4,4,1,8,10,7,0,1,1,0,High
41,Female,Employed,8.7,5.4,7.5,0.6,7,4,9,10,4,8,0,0,0,0,Low
35,Female,Employed,6.3,6.7,5.4,12.2,3,9,7,5,4,4,0,0,1,0,Low
52,Female,Unemployed,6.9,1.1,3.0,7.3,5,5,7,10,5,1,1,0,0,0,Low
49,Male,Employed,7.0,1.8,9.1,5.9,4,1,8,7,7,2,1,0,0,0,Low
42,Female,Self-Employed,9.7,8.5,8.2,5.2,3,8,4,6,9,10,1,0,0,2,Moderate
51,Male,Student,2.5,3.2,2.9,7.2,9,4,10,4,6,3,1,0,1,0,Moderate
53,Female,Student,5.5,7.6,2.1,6.6,8,10,8,3,3,3,0,0,1,0,Low
43,Male,Employed,7.0,3.5,3.1,6.2,8,9,2,7,9,9,0,0,1,0,High
29,Male,Student,5.3,3.6,7.6,6.3,1,2,10,8,6,3,0,1,0,0,Low
53,Male,Student,6.6,2.2,6.8,9.3,3,10,8,1,9,5,0,1,0,2,Moderate
51,Female,Employed,6.8,5.4,8.4,13.1,3,10,4,5,5,4,0,0,0,1,Low
64,Female,Student,5.9,6.4,5.0,10.1,8,8,10,1,2,7,0,1,0,2,Moderate
23,Male,Student,7.1,0.4,3.2,10.8,9,3,3,4,10,6,1,1,0,2,High
36,Female,Student,8.0,2.1,8.8,7.1,4,7,7,8,7,6,0,1,1,1,Moderate
61,Female,Student,6.6,5.3,4.3,8.3,4,9,7,7,4,6,0,0,1,1,Low
41,Male,Self-Employed,6.3,2.7,6.6,9.1,6,9,10,2,9,9,0,0,0,1,Moderate
62,Female,Self-Employed,6.7,1.8,1.4,6.4,10,5,6,8,1,6,0,0,0,1,Moderate
16,Female,Student,7.0,5.5,4.3,6.9,4,8,10,1,10,6,0,0,0,1,Moderate
17,Male,Unemployed,4.2,5.8,9.0,10.1,3,4,3,1,6,9,0,0,0,1,High
55,Female,Employed,7.7,1.9,3.9,10.7,6,3,9,10,6,1,0,0,0,0,Low
33,Male,Retired,6.3,3.5,8.4,8.2,10,7,3,1,1,9,1,1,0,1,High
41,Female,Employed,9.0,0.0,0.0,5.0,8,5,10,3,2,2,0,1,0,0,Low
36,Male,Student,7.9,0.8,4.3,7.3,6,3,8,2,8,4,0,0,0,1,Moderate
35,Female,Employed,8.9,3.3,5.5,4.4,8,7,7,6,6,1,0,1,1,1,Low
62,Male,Self-Employed,5.4,3.1,11.2,8.2,1,4,1,6,2,6,0,1,0,1,Low
20,Female,Employed,6.4,0.6,2.5,8.6,8,6,5,9,7,9,1,0,1,1,High
53,Female,Employed,5.0,1.2,8.0,7.3,1,4,2,10,8,4,0,1,1,1,Low
59,Male,Student,5.9,0.3,9.2,8.6,4,9,10,8,3,7,1,0,0,1,Low
48,Female,Employed,9.0,4.1,3.8,9.0,4,9,4,5,7,4,1,0,0,0,Low
35,Other,Self-Employed,9.4,0.0,4.9,8.6,7,5,9,1,10,8,1,1,1,0,High
23,Female,Employed,5.2,0.5,6.4,5.0,3,8,10,10,5,10,0,0,0,0,Low
49,Male,Employed,6.3,0.0,1.6,7.4,3,2,2,6,3,8,0,0,0,0,Moderate
38,Female,Employed,6.9,4.0,4.6,9.0,9,10,8,3,10,4,0,1,1,0,Moderate
23,Male,Employed,7.9,0.0,9.8,11.9,5,3,4,6,10,9,1,0,1,1,High
33,Male,Employed,4.2,3.1,7.6,7.3,8,9,2,4,5,1,0,0,1,1,Moderate
63,Female,Unemployed,4.4,7.1,5.5,9.4,6,9,3,4,5,10,1,0,1,0,High
29,Female,Retired,7.8,7.2,6.3,10.2,7,2,6,5,9,9,0,0,0,2,High
24,Female,Employed,3.9,0.0,7.7,7.5,7,1,9,8,1,7,0,0,0,0,Moderate
49,Male,Employed,6.3,3.7,8.3,10.9,7,8,7,2,4,7,0,0,1,1,Moderate
25,Female,Employed,7.3,0.5,4.3,11.0,10,9,3,10,6,3,0,1,0,1,Moderate
61,Female,Student,7.7,0.0,10.6,11.5,8,8,3,1,7,5,1,0,0,1,High
58,Male,Student,6.8,2.7,9.9,9.1,4,1,4,2,7,2,1,0,0,0,Moderate
64,Female,Student,6.4,6.1,8.0,13.9,2,7,8,7,4,4,0,0,1,0,Low
60,Male,Employed,8.4,4.5,3.5,6.5,9,4,6,2,9,6,0,0,0,0,High
27,Male,Student,7.5,1.2,2.9,13.3,4,10,1,8,7,4,1,0,1,1,Low
26,Female,Employed,6.0,4.8,5.0,9.9,4,9,1,8,6,8,0,0,0,2,Low
32,Other,Unemployed,7.1,0.0,6.2,11.4,2,8,1,5,10,9,1,0,0,1,High
39,Male,Student,7.6,1.1,0.7,7.2,6,5,10,5,1,6,0,0,0,1,Low
59,Male,Employed,9.7,0.9,7.5,10.1,6,4,6,10,8,4,1,0,1,0,Moderate
51,Male,Self-Employed,8.3,3.2,9.9,11.6,9,9,5,8,10,4,1,0,0,1,High
47,Female,Employed,8.9,2.5,7.7,5.3,8,2,8,7,7,6,0,0,1,1,High
59,Male,Student,6.0,2.6,4.0,7.6,8,2,2,2,6,8,0,0,0,0,High
47,Female,Employed,6.2,2.6,3.6,2.6,6,1,1,6,4,2,0,0,0,1,Moderate
34,Other,Employed,6.6,3.1,6.9,7.6,9,6,3,1,3,5,0,0,0,0,Moderate
36,Male,Employed,6.8,4.4,5.5,6.0,10,1,3,3,6,5,1,1,1,0,High
41,Female,Student,5.4,3.4,7.3,7.5,9,6,8,7,9,3,0,0,0,0,Moderate
20,Female,Employed,9.0,2.3,7.8,15.3,4,2,9,5,5,3,0,0,1,1,Low
52,Female,Employed,8.4,4.0,9.3,12.3,3,9,7,10,2,9,1,0,0,1,Low
47,Male,Student,6.5,5.1,2.6,4.4,1,5,10,10,5,5,1,0,0,0,Low
51,Male,Employed,8.0,1.6,6.7,9.4,10,1,5,1,1,6,0,0,0,2,High
42,Male,Student,7.4,2.9,4.9,10.0,8,7,3,9,10,1,1,0,0,1,Moderate
54,Female,Employed,8.2,5.9,5.7,7.2,10,4,4,9,6,3,0,0,0,1,Moderate
62,Female,Unemployed,4.8,0.2,8.6,8.4,8,3,2,2,3,3,1,0,0,2,High
43,Male,Student,6.8,7.5,8.9,8.7,5,7,10,4,7,4,0,0,0,2,Low
37,Male,Employed,6.9,0.0,10.2,4.6,2,10,7,10,6,9,1,1,0,0,Low
21,Female,Employed,8.0,2.1,7.3,5.4,1,10,8,1,6,6,0,0,0,2,Low
54,Male,Employed,6.0,0.6,5.7,8.4,8,5,3,1,6,10,0,0,0,0,High
60,Male,Self-Employed,3.0,8.5,5.2,8.2,4,9,8,6,10,5,1,1,0,0,Low
50,Female,Employed,5.3,1.7,0.8,6.2,4,3,4,10,9,8,0,0,0,0,Moderate
58,Male,Student,6.9,1.7,10.0,6.0,9,9,5,3,3,2,0,0,0,1,Moderate
58,Male,Self-Employed,7.1,2.1,5.0,7.8,5,10,7,8,3,9,0,0,0,2,Low
55,Male,Employed,9.7,3.2,7.5,10.2,10,6,10,7,10,7,1,1,0,0,High
40,Male,Employed,7.9,2.2,8.0,7.8,6,6,6,2,7,1,0,0,0,1,Low
20,Female,Student,7.1,2.7,2.3,12.1,9,6,8,3,1,7,1,1,0,0,Moderate
16,Female,Student,6.9,0.0,3.2,6.3,2,1,6,7,6,5,0,0,0,1,Moderate
26,Female,Employed,8.8,3.1,10.6,8.5,4,9,5,5,2,1,1,0,1,0,Low
37,Male,Student,6.1,3.0,6.9,7.1,2,8,10,3,1,9,1,0,1,1,Low
52,Female,Student,6.8,5.6,4.3,9.5,1,9,10,3,2,6,0,0,0,1,Low
38,Male,Unemployed,5.3,6.3,5.6,6.0,10,2,4,6,3,7,1,0,0,0,Moderate
17,Female,Student,9.3,2.5,9.3,12.8,6,9,9,9,1,6,0,0,0,2,Low
26,Male,Student,7.6,5.0,8.8,3.8,4,4,5,5,9,1,0,0,0,2,Low
63,Female,Student,5.9,0.2,1.6,12.3,4,9,8,10,5,4,1,0,1,1,Low
64,Male,Employed,6.8,4.9,10.9,8.2,3,10,6,7,6,8,1,1,0,1,Low
34,Male,Employed,7.8,1.6,8.9,9.4,2,9,8,5,9,4,1,0,0,1,Low
55,Female,Self-Employed,6.6,0.0,5.5,11.3,10,10,9,8,9,9,1,0,1,0,Moderate
51,Male,Student,6.1,2.5,2.4,10.1,2,2,5,5,9,4,0,0,1,0,Low
61,Male,Student,6.0,6.5,9.2,6.2,4,4,8,8,2,5,1,0,0,1,Low
59,Female,Employed,7.5,3.5,7.4,9.5,2,3,6,10,8,5,0,0,1,1,Low
46,Female,Employed,6.4,6.7,1.6,12.7,10,6,8,8,10,1,1,0,1,1,Moderate
35,Male,Employed,6.3,1.1,5.3,5.8,3,10,2,2,1,9,1,0,1,1,Moderate
46,Female,Self-Employed,4.9,5.6,15.4,13.3,4,7,8,1,9,2,0,0,0,1,Moderate
31,Female,Employed,7.1,1.4,6.0,9.0,8,6,6,9,9,5,1,0,1,0,Moderate
33,Female,Employed,6.7,3.6,3.8,6.9,6,9,5,9,9,10,1,0,0,0,Moderate
45,Female,Retired,6.5,3.5,3.0,5.8,4,2,4,6,4,10,1,0,0,0,Moderate
43,Female,Student,7.3,4.7,11.3,7.4,6,7,8,3,2,3,1,0,0,0,Low
44,Female,Self-Employed,8.2,3.6,8.5,3.1,5,6,4,9,8,4,1,0,0,1,Low
34,Female,Employed,8.1,1.2,10.2,7.0,3,3,1,5,7,6,0,0,0,1,Moderate
36,Female,Employed,7.9,5.2,6.7,7.3,6,7,10,3,8,7,0,0,0,0,Moderate
16,Male,Self-Employed,6.6,7.3,9.8,5.3,4,9,5,4,3,3,1,0,0,1,Low
45,Male,Employed,6.1,1.5,3.5,9.9,10,9,2,3,2,6,0,0,1,0,Moderate
44,Male,Employed,5.3,0.0,6.5,7.5,5,9,3,3,10,9,0,1,0,1,High
61,Female,Student,6.1,4.2,6.9,6.4,8,9,9,4,6,8,1,1,0,2,Moderate
40,Male,Employed,7.0,2.2,10.1,7.2,3,5,4,7,9,9,1,1,1,0,High
38,Female,Employed,5.7,2.7,7.0,8.9,7,1,3,1,10,9,1,1,0,1,High
19,Female,Student,7.2,4.4,4.1,8.2,6,10,5,4,5,9,0,1,1,0,Moderate
25,Other,Employed,5.5,1.9,6.2,6.2,8,5,1,2,3,6,0,0,0,0,High
32,Male,Employed,4.3,2.3,1.0,8.3,5,7,6,7,9,10,1,0,0,1,Moderate
34,Female,Employed,8.3,2.7,0.0,7.9,8,1,1,10,8,5,0,0,0,1,High
33,Female,Student,6.2,6.7,8.5,5.2,1,9,9,8,7,8,0,0,0,1,Low
35,Male,Employed,5.7,3.1,4.9,7.3,7,9,5,3,10,10,0,0,0,2,High
53,Female,Student,5.2,0.0,5.2,9.4,8,10,3,6,3,1,1,1,0,1,Moderate
22,Male,Student,7.7,0.0,8.5,9.4,5,2,5,1,4,10,0,0,0,1,High
32,Female,Employed,9.2,3.3,10.2,7.4,1,9,2,5,1,9,0,0,0,0,Low
23,Female,Student,6.4,0.2,7.6,9.7,6,7,4,3,4,10,0,0,0,0,High
31,Male,Student,6.7,0.0,11.8,5.6,8,2,2,6,5,8,0,0,0,1,High
49,Male,Employed,8.7,4.6,7.5,5.6,5,6,7,5,5,2,1,0,1,1,Low
18,Male,Employed,4.1,4.7,6.9,7.4,1,5,10,7,2,4,1,0,1,0,Low
32,Male,Retired,10.1,2.1,6.7,11.7,4,7,5,6,9,1,1,0,0,0,Low
17,Female,Self-Employed,10.9,3.7,2.1,8.4,10,1,1,10,5,7,0,0,1,0,High
62,Male,Employed,2.7,3.5,8.9,7.3,3,6,1,1,5,5,0,0,1,0,Moderate
51,Male,Retired,6.8,4.5,0.0,11.9,6,7,9,10,9,5,0,0,0,1,Low
27,Female,Self-Employed,5.8,4.5,4.2,7.3,4,8,4,8,5,8,1,0,0,1,Low
25,Female,Employed,6.6,0.0,6.1,13.6,8,8,3,8,9,9,0,0,0,1,High
20,Female,Employed,6.3,2.4,3.6,6.7,5,7,2,9,3,1,0,0,1,2,Low
39,Female,Student,8.3,4.3,4.6,5.5,4,8,7,1,9,10,0,0,0,1,Moderate
52,Male,Employed,6.8,2.0,11.5,7.6,6,1,1,3,10,4,1,1,0,0,High
44,Female,Employed,5.5,3.1,9.3,7.4,6,8,10,1,8,8,1,0,1,1,High
59,Male,Student,6.7,4.9,3.9,6.0,5,4,3,8,9,6,0,0,0,1,Moderate
32,Female,Student,7.8,3.2,4.6,14.5,3,6,1,4,8,5,1,0,0,1,Moderate
29,Other,Retired,5.1,6.8,2.2,8.8,2,6,8,4,7,3,0,0,0,1,Low
39,Female,Employed,4.4,5.8,8.1,9.2,7,10,4,7,8,2,1,0,1,1,Moderate
25,Female,Student,10.2,2.7,5.3,6.8,4,4,7,5,10,8,1,1,0,0,High
63,Female,Student,6.0,2.5,0.1,6.6,7,4,1,7,7,4,1,0,0,0,Moderate
25,Male,Employed,6.8,0.0,6.3,10.6,4,8,9,10,7,3,1,1,0,0,Low
39,Female,Unemployed,6.4,2.2,7.3,3.8,9,7,4,4,1,1,0,0,0,0,Low
41,Female,Unemployed,7.9,0.0,8.9,5.1,8,4,8,9,10,9,0,1,1,2,High
18,Other,Employed,9.8,3.6,5.8,7.4,5,4,10,6,8,4,1,1,0,0,Moderate
38,Female,Student,7.9,3.4,4.9,11.4,4,9,6,4,2,4,1,0,0,0,Low
38,Male,Student,4.6,4.7,12.0,7.1,8,9,4,10,3,4,0,0,1,1,Moderate
28,Female,Employed,4.8,6.5,6.0,9.0,1,2,4,5,3,6,0,0,0,2,Low
22,Male,Unemployed,6.4,2.9,8.2,8.1,1,4,7,2,4,5,0,0,0,1,Moderate
18,Male,Employed,6.6,8.7,4.4,11.2,1,8,1,3,9,6,0,0,1,0,Moderate
16,Male,Employed,4.2,3.6,8.1,4.0,4,2,2,9,5,3,1,0,1,0,Moderate
39,Female,Employed,8.3,0.0,1.6,9.8,5,2,7,6,5,3,0,1,0,1,Low
20,Male,Employed,5.3,1.6,4.6,7.5,3,2,1,6,8,9,1,0,0,1,High
63,Male,Employed,9.4,2.1,2.4,10.3,2,6,3,7,4,5,0,1,0,0,Low
27,Male,Employed,9.9,4.5,4.2,6.0,4,5,7,2,9,10,1,0,0,2,High
47,Female,Employed,6.6,0.6,9.8,8.1,5,4,3,1,8,9,1,0,0,1,High
49,Female,Employed,7.7,2.3,4.2,7.7,3,2,10,5,3,8,1,1,0,1,Low
40,Male,Self-Employed,5.0,2.6,8.2,5.5,6,7,10,10,7,6,1,0,0,0,Low
59,Male,Employed,8.0,1.9,10.6,4.8,4,9,1,2,5,9,0,0,0,2,High
21,Female,Student,6.2,5.0,5.9,6.5,10,3,2,8,4,1,0,1,1,1,High
27,Male,Student,5.3,4.6,9.0,8.3,10,7,10,10,10,5,1,0,1,0,Moderate
28,Female,Employed,6.5,5.9,7.6,6.1,7,8,1,1,4,8,1,0,1,0,High
22,Male,Employed,6.3,2.2,6.3,7.2,6,6,5,2,2,2,1,0,0,0,Low
30,Female,Employed,6.5,6.0,8.3,3.3,1,6,10,9,5,2,1,0,0,0,Low
31,Male,Employed,8.5,0.0,11.5,7.1,7,2,6,2,6,1,0,1,0,0,Moderate
53,Female,Student,5.7,0.0,4.1,10.6,4,10,4,8,2,5,0,1,0,0,Low
30,Male,Employed,9.8,0.0,3.1,9.8,3,10,1,8,8,6,1,0,1,1,Moderate
58,Female,Employed,4.9,3.0,2.9,7.8,8,8,4,4,3,5,1,0,0,1,Moderate
53,Other,Employed,9.6,6.0,9.0,8.6,1,10,6,3,1,1,1,1,0,1,Low
60,Female,Employed,5.4,1.5,9.4,5.9,3,7,1,6,6,5,1,0,0,1,Moderate
21,Male,Student,7.0,1.8,4.4,12.1,8,7,6,6,2,9,1,0,0,0,Moderate
64,Male,Employed,6.2,2.5,0.0,13.2,10,9,5,9,8,1,1,1,1,0,Moderate
46,Female,Unemployed,6.5,4.4,4.0,8.4,6,1,4,6,1,8,0,0,0,1,Moderate
64,Female,Self-Employed,8.3,1.8,7.6,14.5,6,3,10,10,5,3,1,0,0,1,Low
33,Male,Employed,9.4,1.7,5.8,6.3,10,3,9,3,1,1,0,0,0,0,Low
62,Male,Student,8.9,0.0,6.5,4.9,1,7,7,3,4,1,0,0,1,2,Low
44,Male,Employed,6.4,1.6,4.4,6.2,5,3,6,3,10,1,1,0,0,1,Moderate
19,Female,Employed,7.3,5.9,9.0,7.5,3,4,5,7,7,5,0,0,0,2,Low
36,Female,Employed,5.7,3.2,7.0,13.8,5,5,1,1,6,5,0,0,1,1,High
22,Female,Unemployed,5.4,1.2,7.8,7.3,10,8,4,9,2,7,1,1,1,0,Moderate
62,Female,Student,5.2,6.1,6.5,5.9,6,6,1,8,4,1,1,0,0,2,Low
30,Male,Student,6.3,1.5,7.6,5.8,10,1,4,10,4,7,0,0,1,2,High
26,Male,Student,7.4,6.5,7.4,10.9,6,7,5,10,6,8,1,0,0,1,Low
43,Male,Student,3.9,6.5,3.2,10.5,9,5,7,1,3,1,0,0,1,2,Moderate
36,Female,Self-Employed,6.9,3.1,7.1,6.8,2,2,4,8,10,7,0,0,0,2,Moderate
20,Male,Employed,9.4,0.0,8.4,3.3,4,7,3,6,7,2,1,0,1,1,Moderate
56,Male,Student,8.8,8.7,9.5,5.2,3,3,8,8,4,5,1,0,1,0,Low
57,Male,Employed,6.1,4.0,7.2,12.3,8,5,2,9,2,7,1,0,0,1,Moderate
52,Male,Employed,4.8,2.2,3.1,9.7,6,10,2,6,6,9,1,0,0,1,High
46,Female,Employed,7.7,5.4,3.6,8.2,3,3,7,1,5,6,1,1,1,1,Moderate
35,Male,Student,3.3,4.8,4.7,12.7,2,9,6,9,7,5,1,1,0,1,Moderate
42,Male,Employed,8.8,6.3,6.6,12.9,4,5,9,5,6,9,0,0,0,1,Low
41,Female,Student,6.7,1.3,5.6,7.9,2,10,8,5,7,3,1,0,0,2,Low
24,Male,Unemployed,9.9,3.8,2.6,8.0,7,9,10,6,9,3,1,0,0,1,Low
20,Male,Student,4.2,0.0,2.6,6.5,9,9,7,10,6,5,0,0,0,0,Moderate
28,Male,Employed,8.5,4.7,0.0,7.3,10,3,9,6,8,2,1,1,0,1,Moderate
38,Female,Unemployed,6.8,2.9,0.0,4.3,3,8,2,3,4,1,1,0,1,0,Low
23,Male,Student,6.5,3.7,5.6,4.3,5,4,6,8,10,4,0,0,0,0,Moderate
21,Female,Student,4.8,2.6,13.0,3.7,6,10,10,7,5,2,0,0,0,1,Low
57,Female,Self-Employed,8.0,2.4,11.4,10.7,5,10,8,1,7,7,0,0,0,2,Moderate
34,Female,Employed,8.1,0.8,3.1,4.1,5,7,5,6,10,6,0,0,0,0,Moderate
44,Male,Employed,9.9,5.0,6.4,12.9,3,10,10,8,4,5,1,0,0,0,Low
41,Female,Student,8.6,6.7,1.6,6.2,2,6,4,9,2,5,0,1,0,1,Low
52,Male,Student,6.0,1.6,2.1,12.3,5,1,1,3,3,1,1,0,0,1,Low
52,Male,Employed,5.4,4.4,2.4,7.1,1,9,8,6,3,5,1,1,1,0,Low
30,Female,Self-Employed,4.8,4.1,5.3,4.1,1,6,5,9,1,1,0,0,0,0,Low
57,Male,Student,9.4,3.0,5.5,11.2,6,1,1,6,6,4,0,0,0,1,High
34,Male,Unemployed,5.8,0.0,6.8,11.5,9,1,3,5,3,7,0,1,1,2,High
56,Male,Employed,9.4,0.0,8.0,5.7,6,8,1,2,1,10,0,0,0,0,High
35,Male,Student,7.8,1.0,5.0,7.2,1,10,10,1,2,3,0,0,0,1,Low
21,Male,Student,7.5,0.0,6.1,5.7,9,7,9,7,3,3,0,1,1,1,Low
53,Female,Student,6.5,6.5,2.7,7.7,7,5,10,10,4,7,1,1,0,0,Low
17,Female,Employed,8.1,3.9,2.0,8.3,4,4,2,7,10,10,1,1,0,1,High
53,Male,Employed,7.0,2.9,1.5,7.1,3,5,9,8,8,3,0,0,0,0,Low
18,Female,Employed,6.4,0.0,7.9,3.5,9,4,6,7,8,9,0,0,1,0,High
26,Male,Student,8.1,0.0,5.0,6.5,5,3,3,4,7,4,1,0,0,0,Moderate
45,Male,Employed,6.8,3.0,0.4,9.8,2,2,7,6,9,7,0,0,1,0,Moderate
62,Male,Employed,5.7,7.9,5.8,7.5,3,6,10,3,4,3,1,0,0,1,Low
36,Male,Employed,8.0,1.3,2.3,7.2,3,3,5,3,1,3,0,1,0,1,Low
21,Male,Employed,6.9,5.2,11.0,5.7,5,2,1,6,6,10,1,0,1,1,High
27,Male,Student,7.8,1.8,4.3,6.5,4,3,9,7,1,4,0,0,1,1,Low
59,Male,Employed,6.3,3.1,8.0,11.5,6,8,2,10,3,1,0,1,0,0,Low
51,Female,Employed,5.1,6.0,9.3,5.2,4,6,2,3,8,8,1,1,0,2,High
20,Male,Employed,9.8,2.1,3.1,9.8,7,5,7,3,6,2,0,0,1,2,Moderate
34,Male,Student,9.5,1.3,6.2,8.1,5,6,8,2,7,2,1,0,0,0,Moderate
28,Male,Employed,8.4,6.5,7.7,8.6,10,6,8,10,6,9,0,0,0,1,Moderate
24,Female,Employed,6.4,3.1,6.3,6.2,9,5,9,8,6,4,0,0,0,1,Low
57,Male,Employed,6.5,5.7,7.1,7.1,4,9,9,4,4,2,0,0,1,1,Low
46,Female,Self-Employed,9.2,1.3,2.0,8.0,1,8,2,10,3,10,1,0,0,0,Low
24,Male,Unemployed,6.4,6.5,7.7,6.7,6,2,4,8,3,3,1,1,0,0,Low
47,Male,Student,6.0,3.7,4.5,8.8,4,9,8,5,8,7,0,1,0,2,Moderate
36,Female,Employed,10.0,4.1,7.0,9.1,10,2,4,4,10,3,1,0,0,1,High
19,Male,Employed,6.9,3.3,8.8,13.4,5,1,8,6,1,6,1,0,0,1,Low
38,Male,Retired,9.8,1.7,8.0,8.7,3,5,5,1,6,7,0,0,0,2,Moderate
25,Male,Student,4.8,3.0,7.0,3.2,4,4,5,2,5,8,0,1,0,0,High
28,Other,Student,7.8,1.9,7.9,10.9,9,8,1,10,6,5,0,1,0,2,High
59,Female,Employed,10.3,5.4,8.1,7.5,2,7,7,3,3,7,0,1,0,1,Low
50,Female,Student,7.0,2.5,10.5,13.0,10,1,9,2,1,9,1,0,1,1,High
22,Other,Employed,6.6,0.0,5.9,11.7,3,5,9,9,3,9,0,0,0,0,Low
57,Male,Employed,5.1,0.0,6.5,6.7,9,8,4,10,2,8,0,0,0,0,Moderate
44,Other,Student,8.7,0.0,8.8,9.8,6,8,7,9,1,4,1,0,0,0,Low
58,Male,Employed,5.8,4.5,4.5,6.5,6,6,2,2,4,6,0,0,0,0,Moderate
52,Female,Self-Employed,6.8,0.1,2.0,8.0,3,7,7,9,7,10,1,0,1,0,Low
32,Male,Unemployed,5.0,3.8,7.5,9.7,8,6,5,3,10,3,1,0,0,0,High
42,Male,Employed,9.5,3.3,5.4,10.8,7,3,10,1,7,7,0,0,1,1,High
42,Female,Student,8.8,2.8,2.4,10.2,5,6,8,10,2,8,0,1,0,2,Low
51,Male,Student,6.9,4.1,7.5,8.2,5,7,1,3,4,5,0,0,1,0,Moderate
28,Other,Self-Employed,5.2,3.4,10.3,14.2,6,1,9,7,4,9,1,1,0,0,High
32,Male,Employed,9.5,0.0,1.1,7.1,5,7,8,1,3,5,0,0,0,1,Low
27,Female,Employed,6.4,2.2,9.1,4.0,10,3,3,2,10,9,1,0,0,1,High
30,Other,Self-Employed,5.2,4.1,0.0,4.5,1,1,3,9,7,7,1,0,0,1,Low
23,Male,Student,4.2,7.1,4.8,11.7,3,8,2,6,5,1,0,0,0,2,Low
17,Female,Employed,6.0,7.2,11.5,7.8,9,4,4,10,5,9,1,0,0,0,High
62,Female,Student,4.7,0.0,5.0,8.4,8,5,10,2,4,7,1,0,1,1,High
19,Female,Student,6.0,2.1,6.3,6.6,4,7,10,9,5,3,0,1,1,2,Low
59,Male,Employed,8.2,0.0,8.3,6.9,6,6,6,9,7,8,1,1,0,1,Moderate
16,Female,Employed,6.4,6.8,0.9,6.0,1,7,4,10,10,6,0,0,0,1,Low
54,Female,Self-Employed,7.6,5.5,6.2,9.2,2,10,4,1,5,10,1,0,0,2,Moderate
32,Male,Employed,5.8,3.9,6.2,7.8,10,7,10,2,2,4,1,0,1,0,Low
41,Male,Unemployed,7.1,3.4,11.6,9.1,7,1,2,6,10,3,0,0,0,0,High
29,Male,Employed,10.1,6.5,2.3,8.8,1,3,8,2,4,1,0,0,0,0,Low
40,Female,Employed,6.4,6.0,4.9,6.9,8,5,10,1,1,8,0,1,0,1,Moderate
38,Male,Self-Employed,7.6,5.9,3.2,4.4,5,5,9,9,6,10,0,1,0,2,Moderate
41,Female,Employed,4.5,4.1,2.9,4.1,6,4,8,7,8,7,1,0,0,0,Moderate
35,Other,Employed,9.4,2.1,9.4,15.6,9,2,9,9,3,4,0,0,0,1,Low
42,Male,Student,6.2,4.9,6.1,11.7,9,2,3,10,3,9,1,0,1,1,High
56,Male,Student,8.7,5.0,4.3,11.4,2,2,10,2,3,3,0,0,1,0,Low
37,Female,Self-Employed,6.8,2.5,4.4,6.3,4,10,1,9,9,7,0,0,0,1,Moderate
33,Male,Employed,8.0,2.1,4.3,8.0,3,4,1,1,10,6,0,0,0,0,High
22,Female,Employed,8.1,5.8,4.6,6.0,10,10,2,4,9,9,0,0,1,2,High
33,Female,Student,6.3,7.2,2.2,4.7,8,4,7,3,3,10,1,0,0,1,Moderate
22,Female,Employed,8.7,1.1,5.2,6.5,7,4,3,3,9,4,0,0,0,0,High
24,Male,Employed,5.8,2.3,4.9,11.3,1,5,7,8,4,1,1,0,0,1,Low
62,Female,Student,8.2,3.9,3.7,10.1,9,10,2,2,9,2,1,0,0,1,Moderate
20,Female,Unemployed,6.4,4.2,6.5,5.6,6,6,7,9,10,8,0,1,0,0,Moderate
39,Male,Employed,7.6,1.7,6.7,7.2,3,1,3,9,8,4,0,1,0,0,Moderate
56,Female,Unemployed,6.3,7.7,4.3,9.9,5,3,6,7,10,2,0,0,0,1,Low
62,Female,Student,7.1,4.1,5.6,6.6,5,10,2,1,2,9,0,0,0,1,Moderate
23,Female,Employed,5.3,4.3,12.5,8.2,3,2,10,6,7,7,1,0,0,1,Moderate
24,Male,Student,7.4,7.4,12.4,9.0,10,9,4,7,1,2,0,1,0,0,Low
34,Male,Employed,7.1,1.9,2.8,9.0,10,10,7,4,7,8,0,0,1,1,High
43,Male,Employed,6.1,2.8,3.3,8.6,1,3,5,4,4,7,0,0,1,1,Low
63,Male,Employed,6.9,0.0,2.8,6.4,10,6,6,5,10,10,0,0,1,0,High
26,Male,Student,7.2,2.6,9.2,6.6,5,6,5,10,5,10,1,0,1,0,Moderate
24,Other,Self-Employed,6.0,0.0,4.8,5.2,8,8,1,1,8,10,1,0,0,0,High
28,Male,Student,6.8,4.9,6.7,4.1,8,8,9,6,4,9,1,0,0,1,Low
58,Female,Employed,5.4,4.0,12.0,7.7,6,1,7,4,1,8,0,0,0,0,Moderate
17,Male,Retired,10.8,2.3,6.0,10.0,8,4,3,6,8,7,0,0,0,2,High
34,Male,Employed,8.7,2.7,8.1,4.5,7,10,1,1,3,6,0,0,1,0,Moderate
21,Male,Unemployed,7.4,4.9,7.6,8.7,9,4,9,10,8,8,1,1,0,1,Moderate
23,Male,Employed,8.9,0.2,4.2,10.0,5,3,4,5,5,10,0,1,1,0,High
60,Female,Unemployed,3.8,3.5,9.2,3.4,8,7,10,10,10,2,0,0,0,1,Low
16,Female,Employed,2.9,4.7,3.5,7.3,10,2,8,2,4,2,1,0,0,1,High
31,Female,Employed,6.4,0.0,10.0,12.1,10,2,10,6,5,5,1,0,1,1,High
60,Male,Student,4.8,4.7,4.2,9.4,2,8,7,7,8,3,0,0,0,2,Low
45,Female,Employed,6.6,0.0,4.6,3.3,5,2,2,8,8,6,0,0,1,0,High
19,Male,Student,7.3,2.7,2.7,9.6,6,9,1,1,2,4,1,0,1,0,Low
38,Female,Retired,8.5,0.1,3.2,6.1,7,3,3,7,8,8,0,0,1,0,High
63,Female,Student,5.2,6.6,4.7,9.7,7,2,5,2,5,9,1,0,1,1,High
35,Male,Student,7.6,0.1,0.0,6.3,9,8,7,5,10,3,0,0,0,1,Moderate
41,Male,Self-Employed,7.0,0.0,5.3,7.9,6,2,9,1,7,8,1,0,0,0,High
42,Male,Student,7.6,3.3,4.5,6.7,8,4,2,1,8,2,1,0,1,1,High
48,Male,Employed,6.2,2.0,8.4,8.0,9,4,7,8,4,8,0,0,0,0,Moderate
25,Female,Employed,9.2,0.0,7.3,6.6,2,6,1,8,3,7,1,1,0,2,Moderate
57,Female,Student,6.8,4.3,3.9,7.4,7,5,5,9,8,8,0,0,0,0,Moderate
64,Other,Student,9.8,0.0,4.6,5.1,4,2,1,8,1,5,0,0,0,2,Low
22,Male,Employed,5.7,0.4,5.3,9.2,10,3,4,6,6,2,0,1,0,1,High
56,Female,Student,8.2,1.6,10.5,8.4,6,2,7,2,10,9,1,0,1,2,High
56,Male,Student,6.9,5.0,3.5,4.0,7,1,8,8,10,2,0,0,0,1,Moderate
52,Female,Student,6.5,6.2,3.8,10.5,8,7,9,3,8,5,0,0,0,0,Low
34,Male,Employed,8.0,5.8,2.6,7.6,3,5,6,2,5,2,1,1,0,1,Low
38,Male,Employed,6.5,2.6,1.6,8.4,6,2,3,8,9,9,1,0,0,1,High
57,Female,Student,2.7,0.0,6.9,9.9,8,4,10,6,1,6,0,1,0,0,Moderate
23,Male,Employed,2.1,4.0,6.6,8.8,8,7,10,2,8,6,0,1,0,1,High
56,Male,Employed,9.0,6.7,9.8,10.9,3,3,10,6,2,4,0,1,0,2,Low
61,Female,Student,9.0,6.1,9.1,7.3,9,5,8,7,8,8,0,0,0,1,High
49,Male,Employed,10.0,4.2,13.2,10.6,2,8,8,5,4,3,1,0,0,0,Low
32,Female,Self-Employed,7.0,0.0,5.8,8.3,3,7,1,8,8,8,1,0,0,1,High
43,Female,Employed,4.9,1.7,5.2,9.3,9,8,6,6,7,10,0,0,1,0,High
18,Female,Employed,6.3,7.8,2.1,9.0,7,4,5,4,10,3,0,0,1,0,Moderate
61,Female,Employed,7.0,0.0,8.1,11.1,6,5,3,3,8,7,0,0,1,0,High
32,Female,Student,5.4,0.1,6.4,9.8,6,9,1,3,10,4,0,0,1,0,High
18,Female,Unemployed,9.6,5.4,8.0,6.9,10,9,3,9,2,10,0,0,0,1,Moderate
54,Female,Self-Employed,10.6,1.9,2.6,6.4,3,1,10,4,4,9,0,0,1,0,Moderate
48,Female,Self-Employed,7.8,0.0,7.1,7.9,3,9,10,8,5,4,0,0,0,0,Low
46,Male,Student,7.0,6.8,6.6,6.1,5,9,8,4,1,3,0,0,1,0,Low
18,Male,Employed,4.9,4.2,6.4,5.4,9,10,2,6,1,1,1,0,0,2,Low
52,Female,Student,9.5,2.0,4.0,2.7,6,3,7,7,1,7,1,0,0,1,Moderate
47,Male,Employed,7.1,0.1,9.6,4.1,8,6,2,5,8,10,0,0,0,1,High
54,Male,Employed,6.5,8.1,12.2,13.0,9,1,7,8,5,2,0,0,0,1,Moderate
56,Male,Employed,7.8,2.9,2.7,6.4,9,2,1,10,8,9,1,0,0,0,High
26,Female,Student,6.1,6.5,8.2,12.8,5,6,3,9,9,8,0,1,0,2,High
26,Male,Self-Employed,7.2,5.2,0.0,9.0,5,3,2,10,1,5,1,0,1,0,Low
61,Female,Student,4.7,1.7,8.0,7.9,1,3,10,1,9,3,0,0,0,0,Low
42,Female,Student,8.7,1.7,0.4,4.2,1,3,6,8,3,7,1,1,0,0,Low
37,Female,Self-Employed,6.8,6.6,4.4,8.0,5,5,10,8,5,6,0,0,0,0,Low
30,Male,Employed,8.9,6.7,2.1,12.7,8,2,1,5,10,9,1,0,0,0,High
47,Female,Employed,6.7,0.0,5.4,11.9,9,9,8,4,4,6,0,1,0,1,Moderate
52,Female,Employed,6.8,4.4,8.5,8.7,5,7,5,1,10,1,1,1,0,0,Moderate
16,Male,Student,5.1,2.7,0.4,5.1,6,8,5,9,6,3,1,0,0,0,Low
43,Female,Student,8.2,0.4,4.9,5.6,9,10,9,9,1,4,0,0,0,1,Low
64,Male,Employed,5.6,3.7,4.5,5.9,4,7,1,1,9,5,1,0,0,1,High
29,Other,Employed,6.2,0.0,10.7,11.2,2,4,10,6,1,4,0,1,0,2,Low
29,Male,Employed,7.0,1.8,7.3,12.1,10,10,1,6,7,9,0,0,1,0,High
